"Player","Pos","Age","Tm","G","GS","MP","FG","FGA","FG.","X3P","X3PA","X3P.","X2P","X2PA","X2P.","eFG.","FT","FTA","FT.","ORB","DRB","TRB","AST","STL","BLK","TOV","PF","PS.G","MP.1","PER","TS.","X3PAr","FTr","ORB.","DRB.","TRB.","AST.","STL.","BLK.","TOV.","USG.","OWS","DWS","WS","WS.48","OBPM","DBPM","BPM","VORP"
"Quincy Acy","PF",25,"SAC",59,29,14.8,2,3.6,0.556,0.3,0.8,0.388,1.7,2.8,0.606,0.6,0.8,1.2,0.735,1.1,2.1,3.2,0.5,0.5,0.4,0.5,1.7,5.2,876,14.7,0.629,0.229,0.318,8.1,15.1,11.6,4.4,1.6,2.2,10,13.1,1.8,0.7,2.5,0.137,0.2,0,0.2,0.5
"Steven Adams","C",22,"OKC",80,80,25.2,3.3,5.3,0.613,0,0,0.001,3.3,5.3,0.613,0.613,1.4,2.5,0.582,2.7,3.9,6.7,0.8,0.5,1.1,1.1,2.8,8,2014,15.5,0.621,0,0.46,12.5,16.1,14.4,4.3,1,3.3,14.1,12.6,4.2,2.3,6.5,0.155,0.8,1.3,2.1,2.1
"Arron Afflalo","SG",30,"NYK",71,57,33.4,5,11.3,0.443,1.3,3.4,0.382,3.7,7.9,0.469,0.5,1.5,1.8,0.84,0.3,3.4,3.7,2,0.4,0.1,1.2,2,12.8,2371,10.9,0.531,0.298,0.164,1.1,11,6.1,9.9,0.5,0.3,8.7,17.9,1.8,0.9,2.7,0.055,-0.6,-1.8,-2.4,-0.2
"Alexis Ajinca","C",27,"NOP",59,17,14.6,2.5,5.3,0.476,0,0,0,2.5,5.3,0.478,0.476,0.9,1.1,0.839,1.3,3.3,4.6,0.5,0.3,0.6,0.9,2.3,6,861,13.8,0.514,0.003,0.197,9.3,25.9,17.3,5.8,1.1,3.4,13.6,20.4,0.2,0.9,1,0.058,-4.3,-0.2,-4.5,-0.5
"Cole Aldrich","C",27,"LAC",60,5,13.3,2.2,3.8,0.596,0,0,0.001,2.2,3.8,0.596,0.596,1,1.4,0.714,1.4,3.4,4.8,0.8,0.8,1.1,1.1,2.3,5.5,800,21.3,0.626,0,0.373,11.9,27.1,19.6,10,2.9,6.7,19.6,18.4,1.4,2,3.5,0.209,-1,5.8,4.8,1.4
"LaMarcus Aldridge","PF",30,"SAS",74,74,30.6,7.2,14.1,0.513,0,0.2,0,7.2,13.9,0.521,0.513,3.5,4.1,0.858,2.4,6.2,8.5,1.5,0.5,1.1,1.3,2,18,2261,22.4,0.565,0.015,0.289,9.2,22.2,15.9,8.1,0.9,2.8,7.8,25.9,5.6,4.5,10.1,0.215,0.7,1.1,1.8,2.2
"Lavoy Allen","PF",26,"IND",79,28,20.2,2.4,4.7,0.516,0,0,0.001,2.4,4.7,0.516,0.516,0.6,0.9,0.63,2.1,3.3,5.4,1,0.3,0.5,0.9,1.9,5.4,1599,12.4,0.532,0,0.197,11.1,17.8,14.5,7.1,0.8,2.1,14.6,13,1.6,2.1,3.7,0.11,-2.1,1.4,-0.6,0.6
"Tony Allen","SG",34,"MEM",64,57,25.3,3.4,7.3,0.458,0.2,0.7,0.357,3.1,6.7,0.468,0.474,1.4,2.2,0.652,1.6,3,4.6,1.1,1.7,0.3,1.2,2.7,8.4,1620,12.9,0.505,0.09,0.294,7,14.1,10.4,6.9,3.5,1,12.8,16.8,0.5,1.9,2.4,0.072,-1.5,1.4,-0.1,0.8
"Al-Farouq Aminu","SF",25,"POR",82,82,28.5,3.6,8.8,0.416,1.5,4.3,0.361,2.1,4.5,0.468,0.503,1.4,1.9,0.737,1.2,4.9,6.1,1.7,0.9,0.6,1.5,2.1,10.2,2341,12.7,0.533,0.485,0.217,4.5,18.6,11.5,8.8,1.5,1.8,13.2,16.9,1.7,2.3,4,0.082,-0.4,0.7,0.2,1.3
"Chris Andersen","C",37,"TOT",27,15,14.9,1.4,2.7,0.528,0.1,0.5,0.286,1.3,2.1,0.586,0.556,0.9,1.3,0.694,1.3,2.3,3.6,0.4,0.6,0.5,0.3,1.1,3.9,402,15.3,0.598,0.194,0.5,9.9,18.2,13.9,4.4,1.9,2.9,9.3,10.8,0.8,0.4,1.3,0.149,-0.3,1.1,0.8,0.3
"James Anderson","SG",26,"SAC",51,15,14.1,1.3,3.5,0.376,0.5,1.7,0.267,0.9,1.8,0.478,0.441,0.4,0.6,0.759,0.3,1.4,1.7,0.8,0.4,0.3,0.8,1.1,3.5,721,6,0.469,0.483,0.163,2,10.9,6.5,7.7,1.4,1.6,18,13.7,-0.6,0.4,-0.3,-0.017,-3.9,-0.3,-4.2,-0.4
"Justin Anderson","SF",22,"DAL",55,9,11.8,1.3,3.2,0.406,0.4,1.5,0.265,0.9,1.7,0.533,0.469,0.8,1,0.8,0.3,2.1,2.4,0.5,0.3,0.5,0.4,0.8,3.8,647,12.3,0.522,0.474,0.314,3.1,19.3,11.2,6.8,1.5,3.2,10.8,15.8,0.3,0.8,1.1,0.083,-2.5,1.3,-1.2,0.1
"Kyle Anderson","SF",22,"SAS",78,11,16,1.8,3.8,0.468,0.2,0.5,0.324,1.6,3.3,0.488,0.488,0.8,1.1,0.747,0.3,2.8,3.1,1.6,0.8,0.4,0.8,1.2,4.5,1245,12.9,0.528,0.125,0.281,2.4,19.4,11.2,13.7,2.5,1.8,15.1,14.4,0.7,2.8,3.5,0.133,-1.9,3.7,1.8,1.2
"Ryan Anderson","PF",27,"NOP",66,7,30.4,6,14.1,0.427,2,5.4,0.366,4,8.7,0.466,0.498,3,3.5,0.873,2,4,6,1.1,0.6,0.4,1.4,1.7,17,2008,17.2,0.546,0.385,0.245,7,15.2,10.9,6.1,0.9,1,8,24.7,3.1,0.8,3.9,0.092,1.5,-2.9,-1.4,0.3
"Giannis Antetokounmpo","PG",21,"MIL",80,79,35.3,6.4,12.7,0.506,0.4,1.4,0.257,6.1,11.3,0.537,0.52,3.7,5.1,0.724,1.4,6.2,7.7,4.3,1.2,1.4,2.6,3.2,16.9,2823,18.8,0.566,0.108,0.404,4.6,20,12.4,20,1.7,3.4,14.8,22.3,4.2,2.9,7.1,0.121,1,1.5,2.4,3.2
"Carmelo Anthony","SF",31,"NYK",72,72,35.1,7.9,18.2,0.434,1.5,4.3,0.339,6.4,13.8,0.463,0.474,4.6,5.6,0.829,1.4,6.4,7.7,4.2,0.9,0.5,2.4,2.5,21.8,2530,20.3,0.53,0.237,0.308,4.3,19.5,12,21.9,1.3,1.1,10.6,29.7,3.9,2.5,6.4,0.121,2.8,-0.2,2.6,2.9
"Trevor Ariza","SF",30,"HOU",81,81,35.3,4.4,10.6,0.416,2.3,6.2,0.371,2.1,4.4,0.478,0.523,1.6,2,0.783,0.8,3.7,4.5,2.3,2,0.3,1.4,2.2,12.7,2859,12.9,0.551,0.581,0.187,2.6,11.6,7.1,10,2.8,0.8,10.8,15.7,3.1,2.3,5.4,0.09,1.2,0.3,1.5,2.5
"Darrell Arthur","PF",27,"DEN",70,16,21.7,3.2,7,0.452,0.6,1.7,0.385,2.5,5.3,0.473,0.498,0.6,0.8,0.755,1.2,3,4.2,1.4,0.8,0.7,0.9,2.6,7.5,1516,12.5,0.514,0.239,0.108,6.2,15.4,10.7,10,1.8,2.6,11.4,16.7,1,1.3,2.3,0.072,-1.2,0.8,-0.3,0.6
"Omer Asik","C",29,"NOP",68,64,17.3,1.5,2.9,0.533,0,0,0.001,1.5,2.9,0.533,0.533,0.9,1.6,0.545,1.8,4.3,6.1,0.4,0.3,0.3,0.9,1.8,4,1178,11,0.551,0,0.574,10.9,28.7,19.5,3.1,0.9,1.6,19.7,11.4,0.7,1,1.7,0.07,-4,-0.2,-4.2,-0.7
"DJ Augustin","PG",28,"TOT",62,0,19,2.4,5.6,0.423,1.1,2.7,0.405,1.3,2.9,0.44,0.52,1.7,2.1,0.805,0.1,1.4,1.5,3.2,0.6,0.1,1.4,1.4,7.5,1178,13.9,0.575,0.48,0.366,0.8,8,4.4,25.3,1.6,0.3,17.1,18,2,0.6,2.6,0.106,1,-2.7,-1.7,0.1
"Luke Babbitt","SF",26,"NOP",47,13,18,2.6,6.1,0.422,0.9,2.3,0.404,1.7,3.8,0.433,0.498,0.8,1.1,0.78,0.5,2.6,3.1,1.1,0.2,0.1,0.5,1.9,7,845,11.6,0.526,0.377,0.173,3.2,16.7,9.7,9.6,0.6,0.7,6.9,17.5,0.8,0.3,1.1,0.064,-0.9,-2,-2.9,-0.2
"Leandro Barbosa","SG",33,"GSW",68,0,15.9,2.5,5.4,0.462,0.6,1.6,0.355,1.9,3.8,0.508,0.515,0.8,0.9,0.839,0.4,1.3,1.7,1.2,0.6,0.1,0.8,1.6,6.4,1079,11.7,0.545,0.297,0.168,3,8.4,5.8,10.6,2,0.7,11.8,18.1,0.9,1.2,2.1,0.092,-1.2,-0.9,-2.1,0
"JJ Barea","PG",31,"DAL",74,16,22.5,4.3,9.6,0.446,1.4,3.5,0.385,2.9,6.1,0.481,0.516,1,1.3,0.771,0.4,1.7,2.1,4.1,0.4,0,1.5,1.5,10.9,1667,15.4,0.536,0.366,0.135,1.7,8.3,5,31.5,0.8,0.1,13,23.8,2.1,0.7,2.8,0.082,1.6,-2.8,-1.2,0.3
"Andrea Bargnani","C",30,"BRK",46,0,13.8,2.8,6.1,0.455,0.1,0.3,0.188,2.7,5.7,0.471,0.461,1,1.2,0.825,0.6,1.5,2.1,0.4,0.1,0.2,0.6,1.3,6.6,634,11.8,0.5,0.057,0.204,4.9,12.4,8.6,4.8,0.3,1.1,7.9,23.2,0.1,0,0.2,0.013,-3.7,-4.2,-7.9,-0.9
"Harrison Barnes","SF",23,"GSW",66,59,30.9,4.5,9.6,0.466,1.2,3.2,0.383,3.2,6.3,0.508,0.531,1.5,2,0.761,1.2,3.8,4.9,1.8,0.6,0.2,0.9,2.1,11.7,2042,12.3,0.559,0.338,0.212,4.3,12.4,8.6,7.8,1,0.4,7.6,15.9,3.1,1.9,4.9,0.116,0.4,-0.6,-0.2,0.9
"Matt Barnes","SF",35,"MEM",76,45,28.8,3.5,9.1,0.381,1.6,4.9,0.322,1.9,4.3,0.449,0.467,1.5,1.8,0.804,1.1,4.4,5.5,2.1,1,0.8,1.6,3.1,10,2190,11.7,0.503,0.534,0.199,4.2,18.3,10.9,11.6,1.8,2.4,13.8,17.9,0.4,2.2,2.6,0.056,-0.4,0.8,0.4,1.3
"Will Barton","SG",25,"DEN",82,1,28.7,5.2,12,0.432,1.4,4,0.345,3.8,8,0.476,0.489,2.6,3.3,0.806,0.7,5.1,5.8,2.5,0.9,0.5,1.7,1.8,14.4,2353,16,0.535,0.331,0.273,2.7,20,11.2,14.4,1.5,1.3,11.2,23,2.4,1.9,4.3,0.088,0.3,-0.4,-0.1,1.1
"Brandon Bass","PF",30,"LAL",66,0,20.3,2.6,4.8,0.549,0,0,0,2.6,4.8,0.552,0.549,1.9,2.2,0.845,1.6,2.7,4.3,1.1,0.5,0.8,0.6,1.9,7.2,1342,17.4,0.619,0.006,0.467,8.1,15,11.4,9.2,1.2,3.2,9.9,13.9,3.4,0.7,4.1,0.146,0.1,0.7,0.8,1
"Nicolas Batum","SF",27,"CHO",70,70,35,5.3,12.5,0.426,2,5.7,0.348,3.3,6.8,0.492,0.506,2.3,2.7,0.849,0.8,5.3,6.1,5.8,0.9,0.6,2.9,1.6,14.9,2448,15.6,0.546,0.457,0.22,2.4,16.8,9.6,26.9,1.3,1.4,17.6,21.4,2,2.9,5,0.097,1.1,0.9,2,2.5
"Jerryd Bayless","SG",27,"MIL",52,18,28.9,3.6,8.4,0.423,1.9,4.4,0.437,1.6,4,0.408,0.539,1.3,1.7,0.778,0.4,2.3,2.7,3.1,0.9,0.2,1.4,2.1,10.4,1505,12.4,0.568,0.529,0.206,1.6,9,5.4,16.2,1.6,0.6,13.3,16.4,1.8,0.6,2.4,0.075,1.1,-2.1,-1,0.4
"Aron Baynes","C",29,"DET",81,1,15.2,2.4,4.7,0.505,0,0,0,2.4,4.7,0.508,0.505,1.6,2,0.764,1.7,3,4.7,0.6,0.3,0.6,0.8,1.9,6.3,1233,17.8,0.563,0.005,0.43,11.9,22.5,17,6.6,0.9,3.2,12.8,18.5,2.4,1.7,4.1,0.158,-1.3,1.1,-0.2,0.6
"Kent Bazemore","SF",26,"ATL",75,68,27.8,4.3,9.7,0.441,1.5,4.1,0.357,2.8,5.6,0.502,0.517,1.6,2,0.815,0.4,4.7,5.1,2.3,1.3,0.5,1.8,2.3,11.6,2083,13.4,0.551,0.421,0.208,1.5,18,9.9,12.7,2.3,1.4,14.8,20,0.3,3.8,4.1,0.094,-1.3,1.6,0.3,1.2
"Bradley Beal","SG",22,"WAS",55,35,31.1,6.5,14.5,0.449,1.9,4.9,0.387,4.6,9.6,0.481,0.515,2.5,3.2,0.767,0.7,2.7,3.4,2.9,1,0.2,2,2.1,17.4,1708,15.5,0.547,0.339,0.22,2.6,9.8,6.2,15.6,1.5,0.5,11.3,25.3,1.4,1.3,2.7,0.076,1,-1.6,-0.6,0.6
"Michael Beasley","SF",27,"HOU",20,0,18.2,5.4,10.3,0.522,0.2,0.5,0.333,5.2,9.8,0.531,0.529,1.9,2.5,0.776,1.5,3.5,4.9,0.8,0.6,0.5,1.2,2,12.8,363,22.5,0.563,0.044,0.239,8.8,21.1,14.9,9.1,1.5,2.1,9.6,29.7,0.6,0.3,1,0.128,-0.8,-2.5,-3.4,-0.1
"Marco Belinelli","SG",29,"SAC",68,7,24.6,3.6,9.3,0.386,1.3,4.4,0.306,2.3,5,0.456,0.457,1.7,2,0.833,0.1,1.6,1.7,1.9,0.5,0,1.2,1.3,10.2,1672,9.4,0.5,0.468,0.217,0.7,6.9,3.8,11.1,1.1,0.1,10.3,19.7,0.2,0.3,0.5,0.014,-1.3,-2.9,-4.2,-0.9
"Patrick Beverley","PG",27,"HOU",71,63,28.7,3.6,8.4,0.434,1.7,4.4,0.4,1.9,4,0.472,0.539,0.8,1.2,0.682,1,2.5,3.5,3.4,1.3,0.4,1.3,3.3,9.9,2041,13,0.553,0.522,0.148,3.9,9.6,6.8,17.9,2.3,1.1,12.6,15.3,3.1,1.3,4.4,0.102,1.4,-0.3,1.1,1.6
"Bismack Biyombo","C",23,"TOR",82,22,22,1.9,3.5,0.542,0,0,0,1.9,3.5,0.544,0.542,1.7,2.8,0.628,2.2,5.8,8,0.4,0.2,1.6,0.9,2.7,5.5,1808,14.9,0.586,0.003,0.785,11.7,29.5,20.8,2.4,0.5,6.1,15.5,11.5,2.8,3.1,5.9,0.156,-2.4,2.3,-0.1,0.9
"Nemanja Bjelica","PF",27,"MIN",60,0,17.9,1.8,3.9,0.468,0.8,2.1,0.384,1,1.8,0.564,0.57,0.7,0.9,0.727,0.8,2.7,3.5,1.4,0.4,0.4,0.8,2.6,5.1,1075,11.2,0.594,0.532,0.234,5.4,17.2,11.4,11.4,1.2,1.6,15.3,12.8,1.4,0.6,1.9,0.087,0.5,-0.2,0.3,0.6
"Tarik Black","C",24,"LAL",39,0,12.7,1.5,2.7,0.548,0,0,0.001,1.5,2.7,0.548,0.548,0.5,1.2,0.422,1.1,2.9,4,0.4,0.4,0.5,0.6,2,3.4,496,12.3,0.537,0,0.433,9.2,25.4,17,5.2,1.4,2.9,15.1,12.9,0.3,0.4,0.7,0.072,-4,0.6,-3.4,-0.2
"Steve Blake","PG",35,"DET",58,2,17,1.6,4.1,0.388,0.9,2.6,0.344,0.7,1.5,0.461,0.496,0.3,0.3,0.8,0.2,1.4,1.5,3.4,0.4,0.1,1.4,1.2,4.4,986,9.8,0.51,0.629,0.083,1,9.2,4.9,29.5,1.2,0.4,24.6,14.6,0.3,0.8,1.1,0.053,-1.8,-1.8,-3.5,-0.4
"Eric Bledsoe","PG",26,"PHO",31,31,34.2,7.2,15.9,0.453,1.5,4.2,0.372,5.6,11.7,0.482,0.502,4.5,5.5,0.802,0.6,3.5,4,6.1,2,0.6,3.5,2.4,20.4,1059,20,0.557,0.262,0.35,1.8,11.2,6.4,31.8,2.9,1.5,16.2,27.2,1.6,1,2.5,0.116,2.7,0.1,2.8,1.3
"Bojan Bogdanovic","SF",26,"BRK",79,39,26.8,4.1,9.5,0.433,1.6,4.3,0.382,2.5,5.2,0.474,0.519,1.4,1.7,0.833,0.5,2.8,3.2,1.3,0.4,0.1,1.5,1.5,11.2,2115,10.7,0.55,0.451,0.176,1.9,11.8,6.8,7.3,0.7,0.2,12.5,19.4,0.9,0,0.9,0.021,-0.5,-2.9,-3.4,-0.8
"Andrew Bogut","C",31,"GSW",70,66,20.7,2.5,4,0.627,0,0,1,2.5,4,0.626,0.629,0.3,0.7,0.48,1.7,5.3,7,2.3,0.5,1.6,1.2,3.2,5.4,1451,15.9,0.623,0.004,0.179,9.5,26,18.3,14.8,1.1,5.8,21.6,11.4,2.6,2.9,5.4,0.18,-0.6,5.1,4.5,2.4
"Devin Booker","SG",19,"PHO",76,51,27.7,4.8,11.4,0.423,1.3,3.8,0.343,3.5,7.6,0.464,0.48,2.8,3.4,0.84,0.4,2.1,2.5,2.6,0.6,0.3,2.1,3,13.8,2108,11.9,0.535,0.333,0.295,1.4,8.4,4.8,15.8,1,0.8,14,23,1.2,0.7,1.9,0.043,-0.6,-2.4,-3.1,-0.6
"Trevor Booker","PF",28,"UTA",79,2,20.7,2.4,4.9,0.49,0.2,0.5,0.293,2.3,4.4,0.513,0.505,0.9,1.3,0.67,2.1,3.6,5.7,1.1,0.7,0.5,1,2.1,5.9,1632,14.4,0.533,0.106,0.273,11.9,20.4,16.2,8.2,1.9,2.1,15.7,14.6,1.8,2.6,4.3,0.128,-0.9,2.3,1.4,1.4
"Chris Bosh","PF",31,"MIA",53,53,33.5,6.8,14.5,0.467,1.5,4.2,0.365,5.2,10.3,0.508,0.52,4,5.1,0.795,0.9,6.5,7.4,2.4,0.7,0.6,1.5,1.9,19.1,1778,20.2,0.571,0.289,0.349,3.2,21.1,12.4,12.1,1,1.5,8.1,24.7,4.1,2.3,6.4,0.172,2.3,-0.3,2.1,1.8
"Avery Bradley","SG",25,"BOS",76,72,33.4,6,13.4,0.447,1.9,5.4,0.361,4.1,8.1,0.505,0.52,1.3,1.6,0.78,0.6,2.3,2.9,2.1,1.5,0.3,1.4,2.2,15.2,2536,13.2,0.538,0.399,0.121,2,7.3,4.6,9.8,2.2,0.6,9.2,19.8,2,2.8,4.8,0.09,0.5,-0.3,0.2,1.4
"Corey Brewer","SF",29,"HOU",82,12,20.4,2.6,6.7,0.384,0.7,2.7,0.272,1.8,4,0.46,0.439,1.3,1.7,0.75,0.5,1.9,2.4,1.3,1,0.2,1,2,7.2,1669,9.9,0.481,0.406,0.254,2.8,10.4,6.6,10,2.5,0.9,11.3,17.8,0.1,1.2,1.2,0.035,-2.2,-1,-3.1,-0.5
"Aaron Brooks","PG",31,"CHI",69,0,16.1,2.7,6.8,0.401,1,2.7,0.357,1.8,4.1,0.43,0.471,0.7,0.9,0.766,0.3,1.2,1.5,2.6,0.4,0.1,1.2,1.9,7.1,1108,11.8,0.494,0.394,0.136,2,7.5,4.8,26,1.4,0.7,14.2,22.9,0.2,0.7,0.9,0.04,-0.5,-2.8,-3.3,-0.4
"Anthony Brown","SF",23,"LAL",29,11,20.7,1.3,4.3,0.31,0.7,2.4,0.286,0.7,1.9,0.339,0.389,0.6,0.7,0.85,0.3,2.1,2.4,0.7,0.5,0.2,0.5,1.2,4,599,4.9,0.427,0.556,0.159,1.6,11.3,6.3,4.8,1.2,0.7,10,11,-0.4,0.1,-0.3,-0.024,-4,-1.1,-5,-0.5
"Markel Brown","SG",24,"BRK",62,6,15.8,2,5.2,0.394,0.6,2,0.314,1.4,3.2,0.443,0.453,1.1,1.5,0.755,0.4,1.6,2,1.5,0.6,0.2,0.9,1.5,5.9,982,11.3,0.5,0.376,0.292,2.6,11.5,7,13.9,2,1.2,12.9,18.9,0.2,0.4,0.6,0.031,-1.4,-1.3,-2.6,-0.2
"Kobe Bryant","SF",37,"LAL",66,66,28.2,6,16.9,0.358,2,7.1,0.285,4,9.8,0.41,0.417,3.5,4.3,0.826,0.6,3.1,3.7,2.8,0.9,0.2,2,1.7,17.6,1863,14.9,0.469,0.42,0.252,2.3,12.3,7.1,19.1,1.7,0.5,9.4,32.2,-0.9,0.5,-0.4,-0.01,0.8,-3.3,-2.5,-0.2
"Chase Budinger","SF",27,"TOT",66,2,14.1,1.6,3.6,0.435,0.4,1.3,0.279,1.2,2.3,0.523,0.485,0.6,0.8,0.696,0.7,1.6,2.3,1,0.5,0.2,0.7,0.9,4.1,929,10.7,0.514,0.36,0.234,5,12.6,8.8,10.2,1.7,0.9,14.3,14.5,0.4,1,1.4,0.073,-2,0.3,-1.7,0.1
"Reggie Bullock","SF",24,"DET",37,0,11.6,1.2,2.6,0.439,0.6,1.4,0.415,0.6,1.2,0.467,0.551,0.4,0.4,0.933,0.4,1.5,1.8,0.7,0.3,0.1,0.2,0.8,3.3,429,12,0.583,0.541,0.153,3.4,14.3,8.6,9.2,1.2,0.4,7.1,11.4,0.8,0.4,1.2,0.134,0,0,0,0.2
"Trey Burke","PG",23,"UTA",64,0,21.3,4.1,9.9,0.413,1.4,4,0.344,2.7,5.9,0.46,0.483,1,1.3,0.817,0.3,1.5,1.8,2.3,0.5,0.1,1.3,1.3,10.6,1366,14,0.507,0.404,0.129,1.5,8,4.8,19.7,1.4,0.4,10.7,25.3,0.9,1.2,2.1,0.074,0.4,-2.5,-2,0
"Alec Burks","SG",24,"UTA",31,3,25.7,4.4,10.8,0.41,1,2.5,0.405,3.4,8.2,0.412,0.458,3.4,4.5,0.752,0.5,3,3.5,2,0.6,0.1,1.6,2.3,13.3,797,14.3,0.52,0.237,0.422,2.4,13.6,8,13.9,1.2,0.4,11.4,25.9,0.7,0.8,1.5,0.09,-0.9,-1.6,-2.5,-0.1
"Jimmy Butler","SG",26,"CHI",67,67,36.9,7,15.4,0.454,1,3.1,0.312,6.1,12.4,0.489,0.485,5.9,7.1,0.832,1.2,4.2,5.3,4.8,1.6,0.6,2,1.9,20.9,2474,21.3,0.562,0.198,0.459,3.4,11.6,7.6,21.4,2.2,1.3,9.6,24.4,6.5,2.7,9.1,0.177,3.6,0.3,4,3.7
"Jose Calderon","PG",34,"NYK",72,72,28.1,2.9,6.3,0.459,1.2,2.8,0.414,1.7,3.5,0.496,0.552,0.6,0.7,0.875,0.3,2.9,3.2,4.1,0.9,0.1,1.2,1.9,7.6,2024,12.3,0.571,0.446,0.105,1.2,11,6.2,22.4,1.6,0.3,15.4,12.6,2.7,1.4,4,0.096,0.5,-0.6,-0.1,1
"Kentavious Caldwell-Pope","SG",22,"DET",76,76,36.7,5.3,12.6,0.42,1.5,4.9,0.309,3.8,7.8,0.489,0.479,2.4,3,0.811,0.9,2.8,3.7,1.8,1.4,0.2,1.4,2.2,14.5,2789,12.4,0.521,0.384,0.238,2.6,8.6,5.5,7.8,2,0.5,9,18.2,2.6,2.7,5.3,0.092,0.6,0.6,1.1,2.2
"Isaiah Canaan","SG",24,"PHI",77,39,25.5,3.4,9.4,0.36,2.3,6.3,0.363,1.1,3.1,0.354,0.482,1.9,2.3,0.833,0.3,2,2.3,1.8,0.7,0.2,1.2,1.7,11,1966,11.1,0.528,0.672,0.249,1.1,8.8,4.8,11.3,1.4,0.5,10.2,19.9,0.9,0.5,1.4,0.035,0.2,-2.9,-2.7,-0.4
"Clint Capela","C",21,"HOU",77,35,19.1,3,5.2,0.582,0,0,0,3,5.1,0.583,0.582,1,2.7,0.379,2.5,3.9,6.4,0.6,0.8,1.2,0.8,2.5,7,1471,18.3,0.553,0.003,0.531,14.4,22.7,18.5,5.1,2,5.2,10.9,16.1,2.4,2,4.4,0.144,-1.2,1.7,0.5,0.9
"DeMarre Carroll","SF",29,"TOR",26,22,30.2,4,10.4,0.389,1.8,4.5,0.39,2.3,5.8,0.388,0.474,1.2,1.9,0.6,1.2,3.5,4.7,1,1.7,0.2,1.1,2.4,11,786,11.9,0.49,0.437,0.185,4.6,13.1,8.9,5.5,2.9,0.6,8.8,18.5,0.2,1,1.2,0.074,0,0.3,0.2,0.4
"Vince Carter","SG",39,"MEM",60,3,16.8,2.2,5.7,0.388,1,2.8,0.349,1.2,2.9,0.425,0.474,1.2,1.4,0.833,0.5,1.9,2.4,0.9,0.6,0.3,0.6,1.7,6.6,1005,12.7,0.52,0.493,0.245,3.4,13.6,8.3,8.9,1.9,1.5,8.4,18.5,1,0.8,1.8,0.084,-0.1,-1.2,-1.2,0.2
"Michael Carter-Williams","PG",24,"MIL",54,37,30.5,4.6,10.3,0.452,0.3,1,0.273,4.4,9.3,0.472,0.466,2,3,0.654,0.9,4.2,5.1,5.2,1.5,0.8,2.8,3,11.5,1649,13.9,0.497,0.099,0.292,3.4,15.7,9.6,26.6,2.5,2.1,19.6,21.3,-0.4,1.6,1.2,0.035,-1.6,0.9,-0.8,0.5
"Omri Casspi","SF",27,"SAC",69,21,27.2,4.3,9,0.481,1.6,4,0.409,2.7,5,0.537,0.571,1.5,2.3,0.648,0.8,5.1,5.9,1.4,0.8,0.2,1.4,2.2,11.8,1880,13.9,0.587,0.441,0.256,3.4,20.1,11.8,7.5,1.4,0.7,12,17.8,2.1,1.5,3.6,0.092,0.3,-0.6,-0.3,0.8
"Willie Cauley-Stein","C",22,"SAC",66,39,21.4,2.9,5.1,0.563,0,0,0,2.9,5.1,0.567,0.563,1.2,1.9,0.648,2,3.3,5.3,0.6,0.7,1,0.7,2.2,7,1412,15.3,0.588,0.006,0.369,10.3,16.6,13.5,3.8,1.6,3.8,10.5,13.2,2.4,1.4,3.8,0.13,-0.8,1.5,0.7,1
"Mario Chalmers","PG",29,"TOT",61,7,22.5,3,7.3,0.41,0.8,2.4,0.309,2.2,4.8,0.461,0.462,3.6,4.3,0.832,0.4,2.2,2.6,3.8,1.4,0.2,1.8,3,10.3,1373,17.3,0.561,0.336,0.59,1.9,11.5,6.5,26.6,3.3,0.9,16.4,21.9,2.3,1.5,3.8,0.132,1.8,-0.3,1.5,1.2
"Tyson Chandler","C",33,"PHO",66,60,24.5,2.8,4.8,0.583,0,0,0,2.8,4.7,0.585,0.583,1.6,2.6,0.62,2.7,6.1,8.7,1,0.5,0.7,1.4,2.2,7.2,1618,14.7,0.606,0.003,0.545,11.5,27.5,19.3,6,1.1,2.2,19.3,12.7,2.1,1.6,3.8,0.112,-1.9,1.3,-0.5,0.6
"Jordan Clarkson","SG",23,"LAL",79,79,32.3,6,13.9,0.433,1.4,4.1,0.347,4.6,9.8,0.468,0.483,2.1,2.6,0.804,1.2,2.8,4,2.4,1.1,0.1,1.7,2.1,15.5,2552,14.3,0.516,0.291,0.186,3.8,9.6,6.6,13.8,1.7,0.2,10.2,22.8,1.7,0.4,2.1,0.039,0.6,-2,-1.4,0.4
"Norris Cole","PG",27,"NOP",45,23,26.6,4.4,10.8,0.405,0.7,2.3,0.324,3.6,8.5,0.427,0.439,1.2,1.4,0.8,0.2,3.1,3.4,3.7,0.8,0.1,1.7,2.3,10.6,1198,10.8,0.465,0.211,0.134,0.9,13.5,7,22,1.5,0.3,12.8,21.7,-0.6,0.5,-0.1,-0.004,-2.4,-1.4,-3.7,-0.5
"Darren Collison","PG",28,"SAC",74,15,30,5.1,10.5,0.486,1.2,2.9,0.401,3.9,7.6,0.519,0.542,2.6,3.1,0.858,0.4,1.9,2.3,4.3,1,0.1,1.8,1.9,14,2219,15.9,0.591,0.28,0.291,1.4,6.8,4.1,21.7,1.6,0.1,12.9,19.2,4.5,0.7,5.2,0.113,1.8,-2.2,-0.4,0.9
"Nick Collison","PF",35,"OKC",59,4,11.8,0.8,1.8,0.459,0,0,0,0.8,1.8,0.467,0.459,0.4,0.6,0.697,1.2,1.7,2.9,0.9,0.3,0.3,0.8,1.8,2.1,699,7.7,0.498,0.018,0.303,11.2,15.2,13.3,9.6,1.1,1.7,28.8,10.6,0.1,0.7,0.8,0.053,-2.5,1.3,-1.2,0.1
"Mike Conley","PG",28,"MEM",56,56,31.4,5.3,12.4,0.422,1.4,3.8,0.363,3.9,8.6,0.449,0.478,3.4,4.1,0.834,0.5,2.5,2.9,6.1,1.2,0.3,1.5,1.8,15.3,1761,19.4,0.538,0.309,0.329,1.6,9.3,5.3,32.7,2,0.8,9.5,22.4,4.2,1.1,5.3,0.144,3.7,-1.9,1.7,1.7
"DeMarcus Cousins","C",25,"SAC",65,65,34.6,9.2,20.5,0.451,1.1,3.2,0.333,8.2,17.3,0.473,0.477,7.3,10.2,0.718,2.4,9.1,11.5,3.3,1.6,1.4,3.8,3.6,26.9,2246,23.6,0.538,0.158,0.498,7.7,28.2,18,17,2.2,3.3,13.3,35.4,2.4,3.3,5.7,0.122,1,1.6,2.6,2.6
"Robert Covington","SF",25,"PHI",67,49,28.4,4.1,10.6,0.385,2.5,7.2,0.353,1.6,3.4,0.452,0.504,2.1,2.6,0.791,1,5.3,6.3,1.4,1.6,0.6,2.1,3.5,12.8,1903,13.2,0.543,0.677,0.249,3.6,20.9,12,8.4,2.7,1.6,15.3,21.5,-0.1,2.1,2,0.05,-0.2,0,-0.2,0.9
"Allen Crabbe","SG",23,"POR",81,8,26,3.8,8.4,0.459,1.4,3.5,0.393,2.5,4.9,0.506,0.541,1.2,1.4,0.867,0.3,2.3,2.7,1.2,0.8,0.2,0.8,2.4,10.3,2105,12.2,0.572,0.42,0.167,1.4,9.7,5.6,7.2,1.5,0.6,8.1,16.4,3.1,1.2,4.3,0.098,0.4,-1.1,-0.7,0.7
"Jamal Crawford","SG",35,"LAC",79,5,26.9,4.8,11.9,0.404,1.5,4.4,0.34,3.3,7.5,0.44,0.466,3.1,3.4,0.904,0.3,1.6,1.8,2.3,0.7,0.2,1.4,1.5,14.2,2126,14,0.529,0.366,0.289,1,6.3,3.7,14,1.2,0.4,9.6,24.9,1.8,1.5,3.3,0.076,-0.2,-2.4,-2.6,-0.3
"Jae Crowder","SF",25,"BOS",73,73,31.6,4.9,11.1,0.443,1.7,5,0.336,3.3,6.2,0.529,0.518,2.7,3.3,0.82,1,4.2,5.1,1.8,1.7,0.5,1.1,2.7,14.2,2308,15.8,0.565,0.446,0.294,3.2,14.2,8.6,8.9,2.7,1.2,8.3,18.5,3.8,3.5,7.3,0.152,1.5,1.3,2.8,2.8
"Dante Cunningham","SF",28,"NOP",80,46,24.6,2.3,5.2,0.451,0.7,2.2,0.316,1.6,3,0.55,0.518,0.7,1,0.695,0.7,2.2,3,1,0.5,0.4,0.5,2.2,6.1,1971,8.6,0.54,0.422,0.199,3.1,10.4,6.6,5.6,1.1,1.4,8.4,11,1.5,0.7,2.1,0.052,-1.1,-0.1,-1.2,0.4
"Seth Curry","PG",25,"SAC",44,9,15.7,2.3,5.1,0.455,1.1,2.5,0.45,1.2,2.6,0.46,0.567,1,1.2,0.833,0.2,1.2,1.4,1.5,0.5,0.1,0.8,0.9,6.8,692,13.8,0.603,0.496,0.241,1.4,7.9,4.7,14.2,1.5,0.4,12.7,17.4,1.2,0.2,1.4,0.097,0.9,-2.4,-1.5,0.1
"Stephen Curry","PG",27,"GSW",79,79,34.2,10.2,20.2,0.504,5.1,11.2,0.454,5.1,9,0.566,0.63,4.6,5.1,0.908,0.9,4.6,5.4,6.7,2.1,0.2,3.3,2,30.1,2700,31.5,0.669,0.554,0.25,2.9,13.6,8.6,33.7,3,0.4,12.9,32.6,13.8,4.1,17.9,0.318,12.4,0.1,12.5,9.8
"Troy Daniels","SG",24,"CHO",43,0,11.1,2.1,4.3,0.476,1.4,2.8,0.484,0.7,1.5,0.462,0.634,0.1,0.2,0.556,0.2,1.2,1.3,0.5,0.3,0.1,0.6,0.9,5.6,476,14.9,0.634,0.652,0.048,1.6,11.6,6.5,7.6,1.2,0.5,11.2,20.4,0.6,0.4,1.1,0.11,1.6,-2.7,-1.1,0.1
"Anthony Davis","C",22,"NOP",61,61,35.5,9.2,18.6,0.493,0.6,1.8,0.324,8.6,16.9,0.511,0.508,5.3,7,0.758,2.1,8.1,10.3,1.9,1.3,2,2,2.4,24.3,2164,25,0.559,0.095,0.379,6.4,26.4,16.1,10,1.8,4.7,8.4,29.6,4.4,2.8,7.2,0.16,1,1.2,2.2,2.3
"Ed Davis","PF",26,"POR",81,0,20.8,2.5,4.2,0.611,0,0,0.001,2.5,4.2,0.611,0.611,1.4,2.5,0.559,2.8,4.6,7.4,1.1,0.7,0.9,0.8,2.5,6.5,1684,18.7,0.616,0,0.605,14.4,24.2,19.3,7.7,1.7,3.3,13,12.7,4.4,2.3,6.7,0.192,0.8,2.5,3.3,2.3
"Dewayne Dedmon","C",26,"ORL",58,20,12.2,1.7,3.1,0.559,0,0,0.001,1.7,3.1,0.559,0.559,1,1.3,0.75,1.2,2.8,3.9,0.2,0.4,0.8,0.6,1.9,4.4,705,17,0.606,0,0.429,10.4,25.7,17.9,2.7,1.6,5.4,13.2,15.2,1.2,1.1,2.4,0.162,-2.6,1.3,-1.3,0.1
"Matthew Dellavedova","PG",25,"CLE",76,14,24.6,2.7,6.7,0.405,1.3,3.1,0.41,1.4,3.6,0.401,0.501,0.8,0.9,0.864,0.4,1.7,2.1,4.4,0.6,0.1,1.5,2.3,7.5,1867,11.3,0.527,0.468,0.129,2,7.8,4.9,26.2,1.2,0.4,17.7,15.9,2.2,1.6,3.8,0.098,-0.2,-1.4,-1.6,0.2
"Luol Deng","PF",30,"MIA",74,73,32.4,4.6,10.1,0.455,1.2,3.5,0.344,3.4,6.6,0.513,0.514,2,2.6,0.755,1.5,4.5,6,1.9,1,0.4,1.1,1.6,12.3,2394,15,0.549,0.344,0.258,5.3,15.4,10.5,9,1.6,0.9,8.9,17.4,3.5,2.8,6.4,0.128,1.3,0.6,1.9,2.3
"DeMar DeRozan","SG",26,"TOR",78,78,35.9,7.9,17.7,0.446,0.6,1.8,0.338,7.3,15.9,0.458,0.463,7.1,8.4,0.85,0.8,3.7,4.5,4,1,0.3,2.2,2.1,23.5,2804,21.5,0.55,0.101,0.474,2.7,11.5,7.1,20.8,1.5,0.6,9.5,29.8,7.5,2.4,9.9,0.169,2.7,-1.2,1.4,2.4
"Boris Diaw","PF",33,"SAS",76,4,18.2,2.7,5,0.527,0.3,0.9,0.362,2.3,4.1,0.564,0.56,0.7,1,0.737,0.8,2.3,3.1,2.3,0.3,0.3,1.3,1.3,6.4,1386,14,0.582,0.18,0.198,4.9,13.9,9.6,18.4,1,1.2,18.9,17,1.6,2.2,3.8,0.132,-0.1,1.4,1.2,1.1
"Gorgui Dieng","C",26,"MIN",82,39,27.1,3.8,7.1,0.532,0.1,0.2,0.3,3.7,6.8,0.54,0.537,2.5,3,0.827,1.9,5.2,7.1,1.7,1.1,1.2,1.7,2.7,10.1,2220,17.1,0.601,0.035,0.428,8.3,22.1,15.3,10.1,2.1,3.5,16.9,16.7,3.4,2.5,5.9,0.127,0,2.4,2.4,2.5
"Toney Douglas","PG",29,"NOP",61,18,20.7,3,7.3,0.411,1.3,3.3,0.399,1.7,4,0.421,0.502,1.4,1.6,0.848,0.4,1.9,2.3,2.6,1.1,0.1,1,2.1,8.7,1262,14.7,0.543,0.456,0.222,2.1,10.7,6.3,19.1,2.8,0.3,11.6,19.4,1.6,0.9,2.5,0.094,1.4,-0.9,0.5,0.8
"Goran Dragic","PG",29,"MIA",72,72,32.8,5.8,12.2,0.477,0.9,2.8,0.312,4.9,9.3,0.527,0.513,1.7,2.3,0.727,0.8,3.1,3.8,5.8,1,0.2,2.6,2.6,14.1,2363,15.5,0.537,0.234,0.189,2.7,10.4,6.6,28.7,1.5,0.6,16.3,21.9,2.4,2.3,4.7,0.096,1.3,-0.6,0.7,1.6
"Andre Drummond","C",22,"DET",81,81,32.9,6.8,13.1,0.521,0,0.1,0.333,6.8,13,0.522,0.522,2.6,7.2,0.355,4.9,9.9,14.8,0.8,1.5,1.4,1.9,3,16.2,2666,21.2,0.499,0.006,0.553,15.6,34.2,24.5,4.4,2.3,3.2,10.5,24.1,2,5.5,7.4,0.133,-2.1,1.6,-0.5,1
"Jared Dudley","PF",30,"WAS",81,41,25.9,2.9,6,0.478,1.2,2.9,0.42,1.6,3.1,0.534,0.581,0.9,1.2,0.735,0.7,2.9,3.5,2.1,0.9,0.2,1,2.3,7.9,2098,11.7,0.602,0.489,0.201,2.8,12.6,7.6,11.4,1.7,0.7,13.1,12.7,2.6,2,4.6,0.105,0.3,0.6,1,1.6
"Tim Duncan","C",39,"SAS",61,60,25.2,3.5,7.2,0.488,0,0,0,3.5,7.2,0.49,0.488,1.5,2.1,0.702,1.9,5.4,7.3,2.7,0.8,1.3,1.5,2,8.6,1536,16.9,0.523,0.005,0.297,8.8,23.8,16.6,15.3,1.6,3.9,15.3,17.6,1.6,3.6,5.2,0.163,-0.8,5,4.1,2.4
"Mike Dunleavy","SF",35,"CHI",31,30,22.7,2.5,6.1,0.41,1.3,3.2,0.394,1.2,2.9,0.427,0.513,0.9,1.2,0.784,0.3,2.4,2.7,1.3,0.5,0.3,0.8,2.1,7.2,703,9.1,0.543,0.527,0.197,1.2,11,6.2,8.1,1,1,11.3,14.4,0.4,0.5,0.9,0.063,-1.2,-0.9,-2.1,0
"Kevin Durant","SF",27,"OKC",72,72,35.8,9.7,19.2,0.505,2.6,6.7,0.387,7.1,12.5,0.569,0.573,6.2,6.9,0.898,0.6,7.6,8.2,5,1,1.2,3.5,1.9,28.2,2578,28.2,0.634,0.348,0.361,2,21.8,12.4,24.2,1.3,2.5,13.5,30.6,11,3.5,14.5,0.27,7,0.9,7.9,6.4
"Wayne Ellington","SG",28,"BRK",76,41,21.3,2.9,7.4,0.389,1.3,3.5,0.358,1.6,3.9,0.416,0.474,0.7,0.8,0.857,0.3,2,2.3,1.1,0.6,0.1,0.6,1.1,7.7,1615,10.1,0.498,0.478,0.112,1.4,10.9,6.1,7.8,1.5,0.3,7.1,17.5,0.5,0.3,0.8,0.025,-0.9,-2.3,-3.2,-0.5
"Monta Ellis","SG",30,"IND",81,81,33.8,5.4,12.6,0.427,1.1,3.5,0.309,4.3,9.1,0.472,0.47,2,2.5,0.786,0.5,2.8,3.3,4.7,1.9,0.5,2.5,2.1,13.8,2734,13.7,0.504,0.276,0.202,1.7,9.1,5.4,22.2,2.7,1.1,15.4,21.2,0.4,3.9,4.3,0.075,-0.6,0.9,0.3,1.6
"James Ennis","SF",25,"TOT",22,5,15,2.5,5.1,0.478,1.2,2.6,0.448,1.3,2.5,0.509,0.593,1.1,1.5,0.735,1,1,1.9,1,0.7,0.2,0.9,1.3,7.2,329,17.8,0.621,0.513,0.301,6.9,7.4,7.1,10.1,2.4,1.3,12.9,19.8,0.7,0.2,0.9,0.133,3.4,-1,2.4,0.4
"Tyler Ennis","PG",21,"MIL",46,7,14.2,1.8,4.1,0.449,0.3,0.8,0.333,1.5,3.2,0.48,0.484,0.5,0.7,0.735,0.3,1.3,1.6,2.1,0.5,0,1,1.4,4.5,654,10.7,0.51,0.209,0.182,2.3,10.7,6.6,21.9,1.9,0.1,18.6,17.1,0.1,0.3,0.4,0.03,-2.4,-2.3,-4.8,-0.5
"Tyreke Evans","SG",26,"NOP",25,25,30.6,5.4,12.6,0.433,1.3,3.4,0.388,4.1,9.2,0.45,0.486,3,3.7,0.796,0.8,4.4,5.2,6.6,1.3,0.3,2.9,2.6,15.2,765,17.9,0.534,0.271,0.296,2.8,16.4,9.3,34.6,2.1,0.9,17.1,24.7,0.8,0.6,1.4,0.087,1.7,0,1.7,0.7
"Festus Ezeli","C",26,"GSW",46,13,16.7,2.7,5,0.548,0,0,0.001,2.7,5,0.548,0.548,1.5,2.9,0.53,2,3.6,5.6,0.7,0.4,1.1,0.8,2,7,770,17.7,0.559,0,0.579,13.5,21.9,18,5.8,1.1,4.8,11.7,18.2,1.4,1.3,2.7,0.171,-1.5,1.4,-0.1,0.4
"Kenneth Faried","PF",26,"DEN",67,64,25.3,5.2,9.3,0.558,0,0,0.5,5.2,9.3,0.558,0.558,2,3.3,0.613,3.5,5.2,8.7,1.2,0.5,0.9,1.4,2.5,12.5,1694,21,0.577,0.003,0.355,15.1,23,19,8.1,0.9,2.9,11.2,21,4,1.5,5.5,0.156,1,-0.1,0.9,1.2
"Derrick Favors","PF",24,"UTA",62,59,32,6.7,13.1,0.515,0,0.1,0,6.7,13,0.518,0.515,2.9,4.1,0.709,2.7,5.4,8.1,1.5,1.2,1.5,1.7,2.4,16.4,1983,21.6,0.551,0.005,0.313,10,19.6,14.8,8.9,2,3.9,10.1,23.9,3.8,3.4,7.1,0.173,0.4,2.3,2.7,2.3
"Cristiano Felicio","C",23,"CHI",31,4,10.4,1.3,2.3,0.556,0,0.1,0,1.3,2.2,0.588,0.556,0.8,1.1,0.714,1,2.3,3.3,0.8,0.2,0.4,0.4,1,3.4,321,17.6,0.601,0.056,0.486,10,23.1,16.7,12.1,0.9,3,12.9,13.7,0.7,0.4,1.2,0.175,-0.5,1.4,0.9,0.2
"Raymond Felton","PG",31,"DAL",80,31,27.4,3.5,8.5,0.406,0.8,2.7,0.282,2.7,5.9,0.463,0.45,1.9,2.2,0.847,0.5,2.8,3.2,3.6,0.9,0.2,1.5,1.8,9.5,2192,11.9,0.502,0.312,0.258,1.8,11.1,6.5,20.3,1.6,0.6,13.7,18.4,1,1.7,2.7,0.059,-1.1,0.2,-0.9,0.6
"Evan Fournier","SF",23,"ORL",79,71,32.5,5.4,11.8,0.462,2,4.9,0.4,3.5,6.8,0.506,0.546,2.5,3,0.836,0.4,2.4,2.8,2.7,1.2,0,1.7,2.7,15.4,2566,14.6,0.587,0.42,0.256,1.4,8.4,4.9,12.8,1.9,0.1,11.4,20.1,4,1.7,5.7,0.106,2.1,-1.5,0.7,1.7
"Randy Foye","SG",32,"TOT",81,8,20.3,2.1,6,0.351,0.9,3.1,0.3,1.2,2.9,0.405,0.428,0.8,0.9,0.824,0.3,1.6,1.9,2,0.5,0.4,1.1,1.6,5.9,1642,7.6,0.461,0.519,0.154,1.6,8.8,5.2,14.1,1.2,1.4,14.3,15.9,-0.4,0.9,0.4,0.012,-2.3,-1.3,-3.6,-0.6
"Tim Frazier","PG",25,"TOT",51,2,14.5,1.9,4.5,0.419,0.3,0.9,0.333,1.6,3.5,0.442,0.454,1,1.5,0.716,0.5,1.6,2.2,3.2,0.6,0,1.3,1.4,5.1,741,13.9,0.499,0.21,0.323,3.8,12.8,8.2,33.3,2.2,0.2,19.9,19.4,0.4,0.5,1,0.062,-0.7,-0.7,-1.3,0.1
"Channing Frye","PF-C",32,"TOT",70,32,17.1,2.2,5,0.438,1.3,3.4,0.387,0.9,1.6,0.545,0.569,0.4,0.5,0.857,0.5,2.8,3.3,1,0.4,0.4,0.6,1.8,6.1,1200,12.9,0.586,0.677,0.101,3.2,18.6,10.9,8.7,1.2,1.9,10.6,15.1,1.6,1.3,3,0.119,0.5,0,0.5,0.7
"Danilo Gallinari","SF",27,"DEN",53,53,34.7,5.4,13.2,0.41,1.6,4.5,0.364,3.8,8.7,0.434,0.472,7.1,8.2,0.868,1,4.3,5.3,2.5,0.8,0.4,1.5,1.6,19.5,1839,19,0.582,0.341,0.617,3.1,14,8.5,11.8,1.1,0.8,8,23,5.4,0.9,6.3,0.165,2.9,-1.8,1.2,1.5
"Langston Galloway","PG",24,"NYK",82,7,24.8,2.8,7.2,0.393,0.9,2.7,0.344,1.9,4.4,0.423,0.458,1,1.4,0.754,0.5,3,3.5,2.5,0.9,0.3,0.7,2.2,7.6,2033,11.7,0.49,0.381,0.194,2.3,13,7.7,15.7,1.9,0.8,8.7,15.6,1.4,1.8,3.3,0.077,-0.4,0.1,-0.4,0.8
"Kevin Garnett","PF",39,"MIN",38,38,14.6,1.4,3,0.47,0,0,0,1.4,3,0.474,0.47,0.4,0.6,0.667,0.4,3.6,3.9,1.6,0.7,0.3,0.4,1.8,3.2,556,12.3,0.491,0.009,0.183,3.2,27.9,15.7,16.4,2.5,1.5,11.4,11.3,0.4,0.7,1.1,0.092,-2.5,2.5,0,0.3
"Marc Gasol","C",31,"MEM",52,52,34.4,6.3,13.6,0.464,0,0.1,0.667,6.3,13.5,0.463,0.465,3.9,4.7,0.829,1.1,5.8,7,3.8,1,1.3,2.3,2.7,16.6,1791,17.7,0.528,0.004,0.347,3.5,20.2,11.5,18.9,1.4,3.6,12.7,23.4,1.8,1.9,3.7,0.098,-0.7,1.7,1,1.3
"Pau Gasol","C",35,"CHI",72,72,31.8,6.5,13.8,0.469,0.3,1,0.348,6.2,12.9,0.478,0.481,3.2,4,0.792,2.2,8.9,11,4.1,0.6,2,2.3,2.1,16.5,2291,21.7,0.529,0.069,0.29,7.3,28.7,18.2,21.7,0.9,4.7,12.8,24.6,3.2,3.9,7.1,0.149,0.5,3.5,4,3.5
"Rudy Gay","SF",29,"SAC",70,70,34,6.7,14.4,0.463,1.1,3.1,0.344,5.6,11.3,0.495,0.5,2.8,3.6,0.78,1.5,5,6.5,1.7,1.4,0.7,2,2.6,17.2,2379,15.5,0.538,0.214,0.252,4.7,15.9,10.4,8,2,1.7,11.1,22.4,1.8,2.1,3.8,0.078,-0.4,0.1,-0.4,1
"Alonzo Gee","SF",28,"NOP",73,38,22.4,1.8,3.5,0.518,0.2,0.8,0.283,1.6,2.7,0.59,0.551,0.6,0.9,0.667,0.8,2.5,3.4,1,0.9,0.2,0.8,2.3,4.5,1632,8.4,0.572,0.235,0.259,3.9,13,8.3,6.2,1.9,0.7,16.2,9.2,1,0.9,1.9,0.056,-1.8,1,-0.8,0.5
"Paul George","SF",25,"IND",81,81,34.8,7.5,17.9,0.418,2.6,7,0.371,4.9,10.9,0.447,0.49,5.6,6.5,0.86,1,6,7,4.1,1.9,0.4,3.3,2.8,23.1,2819,20.9,0.557,0.391,0.364,3.1,18.7,10.9,20.3,2.7,0.8,13.6,30.4,4.4,4.8,9.2,0.157,3.5,1,4.5,4.6
"Taj Gibson","PF",30,"CHI",73,55,26.5,3.6,6.8,0.526,0,0,0,3.6,6.8,0.529,0.526,1.4,2,0.692,2.8,4.1,6.9,1.5,0.6,1.1,1.1,2.5,8.6,1936,15.7,0.556,0.006,0.292,11.4,15.9,13.7,8.3,1.2,2.9,12.1,14.6,3.2,2.2,5.4,0.133,-0.1,1.7,1.6,1.7
"Manu Ginobili","SG",38,"SAS",58,0,19.6,3.4,7.5,0.453,1.2,3.1,0.391,2.2,4.4,0.496,0.533,1.6,1.9,0.813,0.4,2.1,2.5,3.1,1.1,0.2,1.7,1.7,9.6,1134,17.8,0.573,0.411,0.257,2.7,11.7,7.3,23.6,3,0.8,17,23.6,1.5,2.3,3.8,0.16,2.3,1.3,3.6,1.6
"Rudy Gobert","C",23,"UTA",61,60,31.7,3.2,5.8,0.559,0,0,0.001,3.2,5.8,0.559,0.559,2.6,4.6,0.569,3.4,7.5,11,1.5,0.7,2.2,1.9,2.7,9.1,1932,17.5,0.582,0,0.799,12.6,27.7,20.2,7.4,1.2,5.9,19.2,14.2,2.6,3.8,6.4,0.16,-1.1,4.8,3.7,2.8
"Drew Gooden","PF",34,"WAS",30,0,10.2,1.1,3.4,0.32,0.2,1.4,0.171,0.9,2.1,0.419,0.354,0.3,0.5,0.643,0.9,1.9,2.8,0.4,0.3,0.4,0.4,1.3,2.7,305,7.5,0.376,0.398,0.136,10.1,21.3,15.6,6,1.3,2.9,10.6,17.5,-0.4,0.4,0,-0.005,-5.1,0.1,-5,-0.2
"Archie Goodwin","PG",21,"PHO",57,13,19.5,3.1,7.4,0.417,0.4,1.7,0.232,2.7,5.7,0.474,0.444,2.3,3.4,0.674,0.5,2,2.5,2.1,0.5,0.2,1.8,1.5,8.9,1114,11.1,0.498,0.235,0.457,2.6,11.5,6.9,17.2,1.2,1,16.5,23.2,-0.4,0.5,0.1,0.004,-2.9,-1.7,-4.6,-0.7
"Aaron Gordon","PF",20,"ORL",78,37,23.9,3.5,7.4,0.473,0.5,1.8,0.296,3,5.6,0.531,0.509,1.7,2.5,0.668,2,4.5,6.5,1.6,0.8,0.7,0.8,2,9.2,1863,17,0.541,0.245,0.333,9,21.3,15.1,10.3,1.6,2.4,9,17.3,3.2,2.2,5.4,0.139,0.6,1.2,1.8,1.8
"Eric Gordon","SG",27,"NOP",45,44,32.9,5.1,12.3,0.418,2.5,6.5,0.384,2.6,5.7,0.457,0.521,2.5,2.8,0.888,0.2,2,2.2,2.7,1,0.3,1.6,2.2,15.2,1481,13.5,0.565,0.533,0.226,0.7,6.9,3.7,12.7,1.4,0.8,10.7,20.3,1.7,0.4,2.1,0.069,1.6,-2.2,-0.6,0.5
"Marcin Gortat","C",31,"WAS",75,74,30.1,5.8,10.2,0.567,0,0,0,5.8,10.2,0.567,0.567,1.9,2.8,0.705,3,6.9,9.9,1.4,0.6,1.3,1.6,2.6,13.5,2256,19,0.592,0.001,0.271,10.8,26.3,18.4,7.5,1,3.4,12.4,18.9,4.2,3.1,7.3,0.156,-0.5,1.7,1.2,1.8
"Jerami Grant","SF",21,"PHI",77,52,26.8,3.3,7.8,0.419,0.5,1.9,0.24,2.8,5.9,0.477,0.448,2.8,4.2,0.658,1.3,3.4,4.7,1.8,0.7,1.6,1.4,2.8,9.7,2066,12.6,0.506,0.244,0.538,5,14.3,9.5,10.4,1.3,4.7,12.9,18,0.5,1.6,2.1,0.05,-2.6,1.3,-1.3,0.4
"Jerian Grant","PG",23,"NYK",76,6,16.6,2,5.1,0.394,0.3,1.3,0.22,1.7,3.8,0.454,0.422,1.3,1.6,0.78,0.3,1.6,1.9,2.3,0.7,0.1,1.1,1.3,5.6,1265,11.2,0.479,0.256,0.315,2,10.2,6.2,21.8,2,0.6,16.3,19,-0.2,1,0.8,0.03,-2.3,-1.1,-3.4,-0.5
"Danny Green","SG",28,"SAS",79,79,26.1,2.7,7.1,0.376,1.5,4.4,0.332,1.2,2.7,0.448,0.48,0.4,0.6,0.739,0.6,3.2,3.8,1.8,1,0.8,0.9,1.8,7.2,2062,10.5,0.492,0.622,0.082,2.7,13.6,8.4,9.3,2,2.4,11.4,14.6,0.2,4.1,4.2,0.099,-0.2,3,2.7,2.5
"Draymond Green","PF",25,"GSW",81,81,34.7,5,10.1,0.49,1.2,3.2,0.388,3.7,6.9,0.537,0.551,2.8,4.1,0.696,1.7,7.8,9.5,7.4,1.5,1.4,3.2,3,14,2808,19.3,0.587,0.315,0.402,5.5,23,14.7,29,2,3,21.2,18.8,6,5.1,11.1,0.19,2,3.9,5.8,5.5
"Gerald Green","SG",30,"MIA",69,14,22.6,3.3,8.5,0.392,1.2,3.8,0.323,2.1,4.7,0.446,0.463,1,1.3,0.783,0.4,2,2.4,0.8,0.6,0.3,0.7,1.8,8.9,1557,10.1,0.491,0.443,0.157,1.9,9.7,5.9,5.6,1.3,0.9,6.8,19.8,0.3,1.4,1.7,0.052,-1.2,-1.8,-3,-0.4
"JaMychal Green","PF",25,"MEM",78,15,18.5,2.9,6.3,0.465,0.2,0.6,0.333,2.8,5.8,0.478,0.48,1.3,1.8,0.752,1.8,3,4.8,0.9,0.6,0.4,1.1,2.4,7.4,1446,14.6,0.52,0.091,0.277,10.5,19.3,14.7,7.7,1.6,2.1,13,19.8,1.2,1.4,2.6,0.086,-1.6,-0.3,-1.9,0
"Jeff Green","SF",29,"TOT",80,41,28.2,4.4,10.3,0.43,0.8,2.7,0.315,3.6,7.6,0.47,0.47,2.1,2.8,0.745,0.9,3.2,4.2,1.7,0.7,0.5,1.2,2.1,11.7,2253,13,0.51,0.258,0.267,3.6,13.3,8.3,10,1.3,1.5,9.2,20.2,1.3,1.7,3.1,0.065,-1,-0.7,-1.7,0.2
"Blake Griffin","PF",26,"LAC",35,35,33.4,8.6,17.2,0.499,0.2,0.5,0.333,8.4,16.7,0.504,0.504,4,5.5,0.727,1.5,6.9,8.4,4.9,0.8,0.5,2.4,2.7,21.4,1170,22.1,0.544,0.03,0.322,4.8,22.3,13.7,27.2,1.2,1.1,10.8,29.8,2.2,1.6,3.8,0.156,1.7,1.6,3.3,1.6
"PJ Hairston","SF",23,"TOT",66,52,19.9,2.2,6.2,0.355,1.1,3.7,0.29,1.1,2.5,0.449,0.441,0.8,1,0.781,0.4,2.3,2.6,0.6,0.5,0.2,0.6,2.1,6.2,1313,6.9,0.47,0.591,0.157,2.1,12.8,7.3,4.4,1.2,0.7,8.6,16.4,-0.6,1.1,0.6,0.021,-2.7,-1.5,-4.2,-0.7
"Tim Hardaway","SG",23,"ATL",51,1,16.9,2.2,5.2,0.43,0.9,2.8,0.338,1.3,2.4,0.537,0.521,1,1.1,0.893,0.1,1.5,1.7,1,0.4,0.1,0.5,0.9,6.4,864,11.7,0.563,0.536,0.211,0.9,9.8,5.4,8.9,1.2,0.6,7.4,16.2,0.9,1,1.9,0.105,-0.9,-1.2,-2.1,0
"James Harden","SG",26,"HOU",82,82,38.1,8.7,19.7,0.439,2.9,8,0.359,5.8,11.7,0.494,0.512,8.8,10.2,0.86,0.8,5.3,6.1,7.5,1.7,0.6,4.6,2.8,29,3125,25.3,0.598,0.406,0.518,2.2,15.6,8.8,35.4,2.2,1.4,15.9,32.5,10.7,2.6,13.3,0.204,7.1,-0.4,6.7,6.9
"Maurice Harkless","SF",22,"POR",78,14,18.7,2.5,5.3,0.474,0.5,1.8,0.279,2,3.5,0.576,0.522,0.9,1.4,0.622,1.3,2.3,3.6,0.9,0.6,0.4,0.8,1.6,6.4,1457,13.3,0.541,0.341,0.27,7.5,13.3,10.4,6.9,1.7,1.9,11.9,15.6,1.6,1.3,2.9,0.096,-0.4,0.2,-0.2,0.7
"Devin Harris","PG",32,"DAL",64,0,20,2.6,5.8,0.447,0.8,2.5,0.329,1.8,3.4,0.532,0.516,1.6,2.2,0.721,0.3,1.9,2.2,1.8,0.9,0.2,1,1.9,7.6,1280,13.1,0.559,0.422,0.374,1.5,10.3,5.9,14.5,2.4,0.8,13.2,17.9,1.2,1.3,2.5,0.095,-0.1,0.4,0.3,0.7
"Gary Harris","SG",21,"DEN",76,76,32.1,4.7,10.1,0.469,1.4,3.9,0.354,3.3,6.2,0.543,0.538,1.4,1.8,0.82,0.7,2.2,2.9,1.9,1.3,0.2,1.3,1.9,12.3,2439,12.7,0.566,0.388,0.174,2.4,7.7,5,9.5,2,0.6,10.6,16.5,2.8,1.2,4,0.079,0.9,-0.7,0.2,1.3
"Tobias Harris","PF",23,"TOT",76,74,33.1,5.5,11.7,0.469,1.1,3.1,0.335,4.4,8.6,0.518,0.514,2.7,3.2,0.831,1.3,5.4,6.7,2.2,0.9,0.5,1.4,2,14.7,2513,16.2,0.56,0.269,0.273,4.1,18.6,11.2,10.6,1.3,1.3,9.8,19.3,4.1,2.5,6.6,0.126,0.7,0.4,1,1.9
"Spencer Hawes","PF",27,"CHO",57,6,18.2,2.2,5.4,0.405,0.7,1.8,0.373,1.5,3.6,0.422,0.467,0.9,1.1,0.831,0.9,3.4,4.3,1.9,0.4,0.5,1,1.9,6,1035,12.4,0.508,0.333,0.212,5.3,20.6,12.9,16.3,1.1,2.1,14.8,17.1,0.6,1.4,1.9,0.09,-1.9,1.3,-0.6,0.4
"Gordon Hayward","SF",25,"UTA",80,80,36.2,6.5,15,0.433,1.8,5.1,0.349,4.7,9.9,0.477,0.493,4.9,6,0.824,0.8,4.2,5,3.7,1.2,0.3,2.5,2.3,19.7,2893,18.3,0.559,0.341,0.397,2.5,13.5,8,18.2,1.7,0.8,12.5,25.7,5.5,3.4,8.9,0.147,2.6,-0.1,2.5,3.3
"Gerald Henderson","SG",28,"POR",72,0,19.9,3.2,7.3,0.439,0.7,1.9,0.353,2.6,5.5,0.468,0.484,1.6,2,0.767,0.4,2.5,2.9,1,0.5,0.3,0.9,1.2,8.7,1431,12.9,0.526,0.257,0.276,2.3,13.7,8,8.2,1.4,1,10.3,20.2,1,1,2,0.068,-1.9,-1.4,-3.3,-0.5
"John Henson","C",25,"MIL",57,1,16.8,2.9,5.1,0.564,0,0,0,2.9,5.1,0.566,0.564,1.2,2.1,0.59,1.5,2.4,3.9,0.9,0.3,1.9,1.1,2.3,7,960,18.6,0.58,0.003,0.402,10.4,15.8,13.2,9,1,9.7,15.7,19.1,1.2,1.1,2.3,0.117,-1.5,3.1,1.6,0.9
"Mario Hezonja","SF",20,"ORL",79,9,17.9,2.3,5.3,0.433,0.8,2.4,0.349,1.4,2.9,0.504,0.513,0.6,0.7,0.907,0.4,1.9,2.2,1.4,0.5,0.2,1.2,1.6,6.1,1413,9.4,0.541,0.459,0.129,2.2,11.8,6.9,11.2,1.4,1,18,16.9,-0.1,1,0.9,0.029,-1.9,-0.9,-2.8,-0.3
"Roy Hibbert","C",29,"LAL",81,81,23.2,2.2,5.1,0.443,0,0,0,2.2,5,0.445,0.443,1.4,1.8,0.807,1.6,3.3,4.9,1.2,0.4,1.4,0.9,3.1,5.9,1878,11.2,0.507,0.005,0.353,7.3,15.8,11.4,8,0.9,4.6,13.8,12.9,1.1,1,2.2,0.056,-3.1,1.9,-1.3,0.3
"JJ Hickson","C",27,"TOT",35,9,12.5,2.3,4.4,0.516,0,0,0,2.3,4.4,0.519,0.516,1.3,2.9,0.447,1.1,2.7,3.8,0.7,0.4,0.4,0.7,1.3,5.9,436,16.8,0.514,0.006,0.665,9.8,24.1,16.8,8.7,1.7,2.6,11.1,22.6,0.3,0.5,0.8,0.088,-2.9,-0.1,-3,-0.1
"Nene Hilario","PF",33,"WAS",57,11,19.2,3.7,6.7,0.544,0,0.1,0,3.7,6.7,0.549,0.544,1.9,3.2,0.578,0.9,3.6,4.5,1.7,0.9,0.5,1.3,2.7,9.2,1094,16.8,0.564,0.008,0.482,5.2,21.6,13.2,14.1,2.4,1.9,14,21.6,1.1,1.6,2.7,0.12,-1.6,1.8,0.2,0.6
"George Hill","PG",29,"IND",74,73,34.1,4.4,10,0.441,1.7,4.2,0.408,2.7,5.7,0.466,0.528,1.5,2,0.76,0.8,3.2,4,3.5,1.1,0.2,1.4,2,12.1,2524,13.2,0.555,0.425,0.203,2.5,10.3,6.5,15.5,1.6,0.5,11.1,15.8,3.4,2.8,6.2,0.118,1.1,0.5,1.5,2.2
"Jordan Hill","C",28,"IND",73,11,20.7,3.8,7.5,0.506,0,0,0,3.8,7.5,0.507,0.506,1.2,1.7,0.712,2.1,4,6.2,1.2,0.5,0.5,1.3,2.1,8.8,1513,16.4,0.534,0.002,0.228,11.3,21.2,16.3,9.5,1.2,2,13.2,20.3,1.6,2.3,3.9,0.124,-1.7,0.9,-0.7,0.5
"Solomon Hill","SF",24,"IND",59,3,14.7,1.6,3.5,0.447,0.4,1.3,0.324,1.2,2.3,0.515,0.505,0.6,0.7,0.857,0.7,2.2,2.8,1,0.6,0.2,0.6,1.2,4.2,866,12.2,0.543,0.356,0.202,4.9,15.9,10.5,9.6,2.1,1,12.7,13.2,0.8,1.3,2.1,0.117,-1.3,1.3,0,0.4
"Darrun Hilliard","SG",22,"DET",38,2,10.1,1.4,3.4,0.397,0.5,1.3,0.38,0.9,2.1,0.407,0.469,0.8,1.1,0.725,0.1,1.1,1.2,0.7,0.2,0,0.5,0.7,4,383,10.7,0.511,0.382,0.305,1.4,11.9,6.4,10.9,1.2,0.2,11.3,19.1,0.2,0.3,0.5,0.066,-2,-1.6,-3.6,-0.2
"Kirk Hinrich","PG",35,"TOT",46,7,13.7,1.1,2.8,0.38,0.5,1.3,0.387,0.5,1.5,0.373,0.473,0.3,0.3,0.938,0.2,1.3,1.5,1.6,0.3,0,0.7,1.4,3,631,7.2,0.504,0.481,0.124,1.4,10.2,5.9,16,1.2,0.2,18.1,11.6,0.1,0.5,0.6,0.044,-2.7,-1,-3.7,-0.3
"Jrue Holiday","PG",25,"NOP",65,23,28.2,6.3,14.4,0.439,1.3,4,0.336,5,10.4,0.478,0.485,2.8,3.3,0.843,0.4,2.6,3,6,1.4,0.3,2.6,2.3,16.8,1831,19.7,0.529,0.277,0.231,1.6,10.5,5.9,37.3,2.4,1,14,28.9,2.2,1.2,3.4,0.089,3.1,-1.3,1.7,1.7
"Justin Holiday","SG",26,"TOT",53,5,14.6,1.7,4.3,0.386,0.7,2,0.343,1,2.3,0.423,0.465,0.5,0.7,0.73,0.2,1.5,1.7,1.1,0.6,0.4,0.7,1.2,4.5,773,9.4,0.489,0.461,0.162,1.7,10.5,6.2,10.7,2.1,1.8,13.8,16.2,-0.3,0.9,0.6,0.04,-2.7,0.3,-2.5,-0.1
"Ryan Hollins","C",31,"TOT",37,12,12.4,1.3,2.1,0.62,0,0,0.001,1.3,2.1,0.62,0.62,0.7,1.1,0.619,1.3,1.4,2.6,0.3,0.2,0.6,0.6,1.7,3.4,460,12.3,0.636,0,0.532,11.2,13.2,12.1,3.3,0.7,4.2,19.8,11.8,0.6,0.3,1,0.1,-2,0.2,-1.8,0
"Rondae Hollis-Jefferson","SF",21,"BRK",29,17,21.2,2.2,4.8,0.457,0.1,0.5,0.286,2,4.3,0.476,0.471,1.3,1.8,0.712,1.3,4,5.3,1.5,1.3,0.6,0.9,2.1,5.8,615,14.2,0.519,0.101,0.377,7,21.4,14.1,10.1,3.2,2.1,13.9,13.5,0.5,0.7,1.2,0.094,-1.4,2.6,1.2,0.5
"Richaun Holmes","PF",22,"PHI",51,1,13.8,2.2,4.4,0.514,0.2,0.9,0.182,2.1,3.5,0.596,0.532,1,1.5,0.689,1.2,1.4,2.6,0.6,0.4,0.8,0.6,1.8,5.6,702,15.9,0.564,0.198,0.333,9.3,11.7,10.5,8,1.3,4.3,11.2,17.9,1,0.5,1.5,0.103,-1,0,-0.9,0.2
"Rodney Hood","SG",23,"UTA",79,79,32.2,5.2,12.3,0.42,2,5.7,0.359,3.1,6.6,0.472,0.503,2.2,2.5,0.86,0.5,2.9,3.4,2.7,0.9,0.2,1.6,2.6,14.5,2541,14.1,0.542,0.462,0.206,1.8,10.5,6.1,14.4,1.5,0.5,10.5,21.5,3.4,2.5,6,0.112,1.6,-0.9,0.7,1.7
"Al Horford","C",29,"ATL",82,82,32.1,6.5,12.8,0.505,1.1,3.1,0.344,5.4,9.7,0.557,0.547,1.3,1.6,0.798,1.8,5.5,7.3,3.2,0.8,1.5,1.3,2,15.2,2631,19.4,0.565,0.244,0.123,6.3,18.2,12.4,16.7,1.3,3.6,8.8,20.6,4.9,4.5,9.4,0.172,1.5,2.6,4.1,4.1
"Dwight Howard","C",30,"HOU",71,71,32.1,5.2,8.5,0.62,0,0.1,0,5.2,8.4,0.626,0.62,3.3,6.7,0.489,3.4,8.4,11.8,1.4,1,1.6,2.3,3.1,13.7,2280,18.9,0.604,0.01,0.79,11.4,29.1,20.2,7,1.5,4.1,17,18.4,3.5,3.1,6.6,0.138,-1.1,1.8,0.6,1.5
"Marcelo Huertas","PG",32,"LAL",53,0,16.4,1.8,4.3,0.422,0.3,1.2,0.262,1.5,3.2,0.479,0.457,0.5,0.5,0.931,0.3,1.4,1.7,3.4,0.5,0.1,1.5,1.4,4.5,869,10.4,0.488,0.265,0.126,2.2,9.2,5.6,33.9,1.5,0.6,24.8,16.3,-0.2,0.1,-0.1,-0.006,-3.1,-2.9,-6,-0.9
"Kris Humphries","PF",30,"TOT",53,17,15.8,2.3,5.6,0.41,0.6,2,0.315,1.6,3.5,0.465,0.468,1.3,1.6,0.798,1.1,3,4.1,0.7,0.3,0.4,0.7,1.8,6.5,835,13.1,0.517,0.366,0.285,7.5,21.5,14.4,6.6,0.9,2.2,10.3,19.5,0.5,1.1,1.6,0.093,-2.2,-0.7,-2.9,-0.2
"Serge Ibaka","PF",26,"OKC",78,78,32.1,5.3,11.1,0.479,0.8,2.4,0.326,4.6,8.8,0.52,0.513,1.2,1.6,0.752,1.8,5,6.8,0.8,0.5,1.9,1.4,2.7,12.6,2500,13.9,0.533,0.212,0.139,6.5,16.2,11.6,3.9,0.8,4.5,10.5,17.6,2.5,3,5.5,0.105,-1.1,1,-0.1,1.2
"Andre Iguodala","SF",32,"GSW",65,1,26.6,2.7,5.7,0.478,0.8,2.4,0.351,1.9,3.3,0.57,0.552,0.8,1.3,0.614,0.8,3.2,4,3.4,1.1,0.3,1.2,1.6,7,1732,12.2,0.565,0.418,0.226,3.4,12.4,8.2,16.3,2,0.8,16.3,12.1,2.3,2.1,4.4,0.122,0.3,1.3,1.6,1.6
"Ersan Ilyasova","PF",28,"TOT",74,56,25.4,3.8,8.9,0.424,1.3,3.5,0.371,2.5,5.4,0.458,0.496,1.5,2.1,0.721,1.9,3.5,5.4,0.9,0.7,0.4,1,2.3,10.4,1881,14.2,0.526,0.392,0.233,8.1,15.6,11.7,5.6,1.4,1.4,8.9,18.6,2.4,2,4.4,0.113,0.4,-0.3,0.1,1
"Joe Ingles","SF",28,"UTA",81,2,15.3,1.5,3.6,0.426,1,2.6,0.386,0.5,1,0.531,0.565,0.2,0.2,0.722,0.2,1.6,1.9,1.2,0.7,0,0.8,1.2,4.2,1241,10.3,0.572,0.722,0.062,1.8,12.4,7.1,12.1,2.3,0.3,17.9,13.5,0.7,1.6,2.3,0.089,-0.3,0.4,0.1,0.7
"Kyrie Irving","PG",23,"CLE",53,53,31.5,7.4,16.6,0.448,1.6,4.9,0.321,5.8,11.6,0.502,0.496,3.2,3.6,0.885,0.8,2.1,3,4.7,1.1,0.3,2.3,2,19.6,1667,19.9,0.54,0.298,0.217,3,7.6,5.3,26.6,1.7,0.9,11.4,29.5,3.2,1.7,5,0.143,3,-1.4,1.6,1.5
"Jarrett Jack","PG",32,"BRK",32,32,32.1,4.4,11.2,0.391,1,3.2,0.304,3.4,8,0.426,0.434,3.1,3.5,0.893,0.3,4,4.3,7.4,1.1,0.2,2.9,2.4,12.8,1027,14.5,0.505,0.285,0.313,1,14.1,7.4,35,1.7,0.6,18.8,21.7,0.5,0.4,0.9,0.043,0,-1.4,-1.4,0.2
"Reggie Jackson","PG",25,"DET",79,79,30.7,6.8,15.7,0.434,1.5,4.2,0.353,5.3,11.5,0.464,0.482,3.7,4.3,0.864,0.7,2.5,3.2,6.2,0.7,0.1,2.8,2.4,18.8,2424,19.6,0.535,0.268,0.271,2.5,9.1,5.7,36.3,1.2,0.3,13.8,29.1,4.9,1.9,6.9,0.136,3.9,-1.6,2.3,2.6
"LeBron James","SF",31,"CLE",76,76,35.6,9.7,18.6,0.52,1.1,3.7,0.309,8.6,14.9,0.573,0.551,4.7,6.5,0.731,1.5,6,7.4,6.8,1.4,0.6,3.3,1.9,25.3,2709,27.5,0.588,0.199,0.347,4.7,18.8,11.8,36,2,1.5,13.2,31.4,9.6,4,13.6,0.242,6.9,2.3,9.1,7.6
"Al Jefferson","C",31,"CHO",47,18,23.3,5.2,10.7,0.485,0,0,0.001,5.2,10.7,0.485,0.485,1.5,2.4,0.649,1.2,5.2,6.4,1.5,0.6,0.9,0.7,2.5,12,1096,18.2,0.507,0,0.22,5.6,24.6,15,11.8,1.4,3,5.8,24.2,1,1.8,2.8,0.123,-2.3,1.2,-1.1,0.2
"Richard Jefferson","SF",35,"CLE",74,5,17.9,1.9,4.2,0.458,0.9,2.3,0.382,1,1.9,0.554,0.564,0.8,1.2,0.667,0.2,1.5,1.7,0.8,0.4,0.2,0.6,1.7,5.5,1326,9.7,0.585,0.554,0.279,1.3,9.6,5.5,6.4,1.3,0.9,10.9,13.4,1.4,1.3,2.7,0.099,-0.5,-0.3,-0.8,0.4
"John Jenkins","SG",24,"TOT",43,3,11.2,1.7,3.7,0.444,0.4,1.2,0.314,1.3,2.5,0.505,0.494,0.5,0.6,0.833,0.2,1.1,1.3,0.8,0.2,0,0.6,0.5,4.1,480,10,0.522,0.319,0.15,1.8,11.3,6.5,11.7,0.8,0.2,13.7,18.1,0,0.2,0.2,0.022,-3,-2.4,-5.4,-0.4
"Brandon Jennings","PG",26,"TOT",48,7,18.1,2.3,6.3,0.368,1.1,3.2,0.329,1.3,3.1,0.409,0.452,1.2,1.6,0.731,0.3,1.7,2,3.5,0.6,0.1,1.2,1.2,6.9,868,13.7,0.491,0.51,0.257,2,10.4,6.1,29.2,1.7,0.7,14.4,20,0.8,0.7,1.5,0.082,0.3,-1.7,-1.4,0.1
"Jonas Jerebko","PF",28,"BOS",78,0,15.1,1.5,3.7,0.413,0.6,1.4,0.398,1,2.3,0.421,0.488,0.8,1,0.782,1,2.7,3.7,0.8,0.3,0.3,0.7,1.8,4.4,1176,10.3,0.531,0.378,0.273,6.8,19.4,13,7.4,0.8,1.6,14,13.5,0.9,1.5,2.4,0.097,-2.5,0.4,-2,0
"Amir Johnson","PF",28,"BOS",79,76,22.8,3.2,5.4,0.585,0.1,0.5,0.233,3,4.8,0.624,0.596,0.9,1.5,0.57,2.3,4.1,6.4,1.7,0.7,1.1,1.2,2.7,7.3,1800,16,0.602,0.101,0.284,10.3,19.6,14.9,11.4,1.4,3.6,16.4,13.6,3,2.9,5.9,0.158,-0.2,3.2,3,2.3
"Chris Johnson","SF",25,"UTA",70,2,12.2,1,2.8,0.371,0.4,1.4,0.273,0.6,1.4,0.474,0.441,0.5,0.6,0.81,0.4,1.5,1.9,0.6,0.5,0.3,0.6,1.4,2.9,857,8.2,0.482,0.51,0.216,3.7,14.3,9,8,2,2,15.8,13.6,-0.1,1.2,1.1,0.059,-2.7,1.3,-1.4,0.1
"James Johnson","PF",28,"TOR",57,32,16.2,2,4.2,0.475,0.4,1.2,0.303,1.6,3.1,0.54,0.517,0.7,1.2,0.574,0.5,1.7,2.2,1.2,0.5,0.6,0.9,1.5,5,926,11.4,0.532,0.275,0.283,3.5,11.9,7.8,11.4,1.6,2.9,16.7,15.9,0.3,1,1.3,0.068,-1.7,1,-0.6,0.3
"Joe Johnson","SF",34,"TOT",81,81,33.4,4.7,10.6,0.439,1.5,3.9,0.383,3.2,6.7,0.471,0.509,1.5,1.8,0.831,0.6,3,3.6,3.9,0.8,0,2,1.8,12.2,2703,12,0.538,0.364,0.165,2,10.2,6.1,18,1.1,0.1,14.7,17.9,1.9,0.8,2.7,0.048,0.3,-1.6,-1.3,0.4
"Stanley Johnson","SF",19,"DET",73,6,23.1,3.1,8.2,0.375,0.9,2.8,0.307,2.2,5.4,0.41,0.428,1.1,1.4,0.784,0.8,3.4,4.2,1.6,0.8,0.2,1.6,2.4,8.1,1687,8.7,0.46,0.342,0.17,3.6,16.7,9.9,10.8,1.6,0.5,15,19.6,-1.3,1.9,0.6,0.018,-3.1,0.5,-2.6,-0.2
"Tyler Johnson","SG",23,"MIA",36,5,24,3.3,6.8,0.486,0.8,2,0.38,2.5,4.8,0.529,0.541,1.4,1.8,0.797,0.8,2.3,3,2.2,0.7,0.4,1.3,1.8,8.7,863,13.8,0.579,0.292,0.263,3.8,10.3,7.2,13.9,1.4,1.2,14.8,16.8,1.2,0.9,2,0.113,0.4,0,0.4,0.5
"Wesley Johnson","SF",28,"LAC",80,9,20.8,2.6,6.4,0.404,1.3,3.9,0.333,1.3,2.6,0.51,0.504,0.4,0.6,0.652,0.5,2.6,3.1,0.6,1.1,0.7,0.7,2.2,6.9,1666,11,0.513,0.6,0.089,2.5,13.6,8.1,4.4,2.7,2.6,9.2,16,0,2.7,2.6,0.076,-1.3,1.8,0.5,1
"Nikola Jokic","C",20,"DEN",80,55,21.7,3.8,7.5,0.512,0.4,1.1,0.333,3.5,6.5,0.541,0.535,1.9,2.4,0.811,2.3,4.7,7,2.4,1,0.6,1.3,2.6,10,1733,21.5,0.582,0.14,0.317,11.4,24.7,17.9,18.1,2.3,2.3,13.2,19.9,4.5,2.2,6.7,0.185,2.6,2.2,4.8,3
"Terrence Jones","PF",24,"HOU",50,11,20.9,3.3,7.3,0.452,0.5,1.6,0.316,2.8,5.8,0.49,0.486,1.5,2.3,0.664,1.2,3,4.2,0.8,0.5,0.8,1,1.7,8.7,1044,13.5,0.519,0.215,0.316,6.5,15.9,11.1,6.3,1.1,3.1,10.5,19.3,0.8,0.7,1.5,0.068,-2.4,-1,-3.4,-0.4
"Tyus Jones","PG",19,"MIN",37,0,15.5,1.5,4.2,0.359,0.4,1.4,0.302,1.1,2.8,0.388,0.41,0.8,1.1,0.718,0.2,1.1,1.3,2.9,0.8,0.1,0.9,0.9,4.2,573,11.2,0.45,0.34,0.25,1.4,8,4.8,27.7,2.7,0.4,16,16.1,0,0.3,0.3,0.027,-1.7,-2,-3.7,-0.3
"DeAndre Jordan","C",27,"LAC",77,77,33.7,4.6,6.6,0.703,0,0,0,4.6,6.6,0.704,0.703,3.5,8,0.43,3.5,10.3,13.8,1.2,0.7,2.3,1.4,2.7,12.7,2598,20.6,0.628,0.002,1.219,11.4,32.7,22.2,5.3,1,5.4,12.1,15.4,6,5.5,11.5,0.213,-0.4,3.8,3.4,3.5
"Cory Joseph","SG",24,"TOR",80,4,25.6,3.2,7.3,0.439,0.4,1.4,0.273,2.8,5.9,0.478,0.465,1.7,2.2,0.764,0.5,2.1,2.6,3.1,0.8,0.3,1.3,1.6,8.5,2046,12.4,0.512,0.188,0.297,2.2,9.4,5.9,19.3,1.6,0.8,13.4,17,1.8,1.7,3.5,0.082,-0.6,-0.4,-1,0.5
"Frank Kaminsky","C",22,"CHO",81,3,21.1,2.7,6.5,0.41,0.8,2.5,0.337,1.8,4,0.455,0.474,1.3,1.8,0.73,0.9,3.3,4.1,1.2,0.5,0.5,0.7,1.6,7.5,1708,12.5,0.513,0.385,0.282,4.4,17.2,10.7,9,1.1,2,8.9,17.1,1.2,2.1,3.3,0.093,-1.6,0.4,-1.2,0.3
"Enes Kanter","C",23,"OKC",82,1,21,5,8.8,0.576,0.1,0.3,0.476,4.9,8.5,0.579,0.583,2.4,3.1,0.797,3,5.1,8.1,0.4,0.3,0.4,1.4,2,12.7,1721,24,0.626,0.029,0.349,16.7,24.9,21,3.1,0.7,1.5,12.2,23.4,6,2.1,8.1,0.226,1.3,-3.1,-1.7,0.1
"Sergey Karasev","SF",22,"BRK",40,5,10,0.8,1.9,0.405,0.3,0.9,0.297,0.5,0.9,0.514,0.48,0.7,0.7,0.929,0.2,1.3,1.5,0.9,0.2,0.1,0.6,0.7,2.4,399,8.5,0.562,0.5,0.378,2.2,14.3,8.2,12.2,0.8,0.4,20.3,12.1,0.2,0.1,0.3,0.031,-2.4,-1.7,-4.2,-0.2
"Ryan Kelly","PF",24,"LAL",36,0,13.1,1.5,4.1,0.369,0.1,1,0.135,1.4,3.1,0.446,0.386,1,1.5,0.685,0.6,2.8,3.4,0.6,0.4,0.3,0.5,1.1,4.2,470,10.3,0.44,0.248,0.362,4.6,23.7,13.8,6.9,1.4,1.7,9.4,17.9,-0.3,0.3,0.1,0.005,-4.9,-1.1,-6,-0.5
"Sean Kilpatrick","SG",26,"TOT",31,0,19.9,4,8.7,0.456,1.3,3.7,0.342,2.7,5,0.538,0.528,1.9,2.2,0.896,0.4,1.4,1.8,0.9,0.4,0.1,1,1.2,11.1,616,15.6,0.576,0.422,0.248,2.1,8.2,5.1,8,1,0.3,9.4,23.8,1,0,1,0.076,1.4,-4.4,-3,-0.2
"Brandon Knight","SG",24,"PHO",52,50,36,7.1,17.2,0.415,2.3,6.8,0.342,4.8,10.5,0.461,0.482,3,3.5,0.852,0.7,3.2,3.9,5.1,1.2,0.4,3.4,2.4,19.6,1870,14.7,0.522,0.392,0.204,2,9.9,5.9,24.4,1.6,0.9,15.4,26.2,0.7,0.9,1.7,0.043,1.2,-1.5,-0.3,0.8
"Kyle Korver","SG",34,"ATL",80,80,30,3.4,7.7,0.435,2,5,0.398,1.4,2.7,0.502,0.563,0.6,0.7,0.833,0.2,3.1,3.3,2.1,0.8,0.4,1.2,2,9.2,2401,9.7,0.578,0.644,0.088,0.7,10.9,5.9,9.9,1.2,1.1,13.3,13.7,1.2,2.9,4.1,0.081,-0.7,0.5,-0.2,1.1
"Kosta Koufos","C",26,"SAC",78,14,19,3,5.7,0.532,0,0,0.001,3,5.7,0.532,0.532,0.7,1.3,0.548,2.2,3.3,5.4,0.4,0.5,0.9,0.6,2.4,6.8,1482,15.1,0.54,0,0.234,12.4,18.4,15.4,3.3,1.3,3.8,8.9,15.4,2.1,1.4,3.5,0.113,-1.6,0.4,-1.2,0.3
"Jeremy Lamb","SG",23,"CHO",66,0,18.6,3.5,7.7,0.451,0.8,2.7,0.309,2.6,5,0.529,0.506,1,1.3,0.727,0.7,3.2,3.8,1.2,0.6,0.5,0.8,1.6,8.8,1227,15.9,0.529,0.355,0.173,3.9,18.7,11.2,10.9,1.7,2,8.4,22,1,1.8,2.7,0.107,-0.6,0.1,-0.5,0.4
"Carl Landry","PF",32,"PHI",36,12,15.8,3.9,6.9,0.556,0.2,0.4,0.462,3.7,6.6,0.561,0.568,1.9,2.5,0.736,1.4,2.7,4.1,0.9,0.3,0.3,0.6,1.9,9.8,569,22.4,0.605,0.052,0.364,9.1,19.2,14,11.1,1,1.2,7.1,24,1.8,0.3,2.1,0.176,1.5,-2.3,-0.7,0.2
"Shane Larkin","PG",23,"BRK",78,17,22.4,2.8,6.4,0.442,0.5,1.4,0.361,2.3,5.1,0.464,0.481,1.1,1.4,0.776,0.4,1.9,2.3,4.4,1.2,0.2,1.9,1.6,7.3,1751,13.3,0.515,0.215,0.213,1.8,9.9,5.8,29.3,2.7,0.6,21,17.7,0.5,1,1.4,0.039,-1.2,-1,-2.2,-0.1
"Joffrey Lauvergne","C",24,"DEN",59,15,17.6,3.3,6.4,0.513,0.2,0.9,0.245,3.1,5.5,0.557,0.53,1.1,1.2,0.899,1.3,3.6,4.9,0.9,0.2,0.3,0.9,1.9,7.9,1041,15.7,0.567,0.139,0.182,8.1,23.1,15.4,9.1,0.6,1.2,11.6,19.5,1.6,0.7,2.3,0.105,-0.9,-1.4,-2.3,-0.1
"Zach LaVine","SG",20,"MIN",82,33,28,5.3,11.7,0.452,1.5,3.9,0.389,3.8,7.8,0.482,0.516,2,2.5,0.793,0.3,2.5,2.8,3.1,0.8,0.2,1.9,2.4,14,2294,14.3,0.548,0.33,0.212,1.4,10.1,5.8,18.6,1.5,0.6,12.9,23.5,1.9,0.7,2.6,0.054,1,-2.4,-1.4,0.3
"Ty Lawson","PG",28,"TOT",66,13,21.4,2.1,5.4,0.393,0.5,1.6,0.333,1.6,3.7,0.419,0.444,0.9,1.3,0.686,0.4,1.4,1.8,3.6,0.8,0.1,1.4,1.3,5.7,1411,9.7,0.476,0.305,0.243,2,7.4,4.7,24.6,1.9,0.4,19.5,14.9,0.2,0.7,0.9,0.031,-2.7,-2,-4.6,-0.9
"Courtney Lee","SG",30,"TOT",79,65,29.5,3.7,8.1,0.454,1,2.7,0.378,2.6,5.3,0.493,0.518,1.3,1.5,0.839,0.4,2.2,2.6,1.7,1.1,0.4,0.9,1.7,9.6,2334,11.5,0.551,0.34,0.185,1.4,8.7,4.9,9.1,1.9,1.1,9.4,14.7,2.1,1.7,3.9,0.08,-0.5,-0.1,-0.6,0.9
"David Lee","PF",32,"TOT",55,5,16.4,3.2,6.1,0.531,0,0,0,3.2,6.1,0.533,0.531,1.3,1.7,0.763,1.8,3.7,5.5,1.5,0.4,0.5,1.2,2.1,7.8,903,19.6,0.568,0.003,0.278,12,24.6,18.3,15.5,1.2,2.5,14.9,21.5,1.7,1.4,3,0.161,-0.3,1.7,1.4,0.8
"Alex Len","C",22,"PHO",78,46,23.3,3.4,8,0.423,0,0.1,0.143,3.4,7.9,0.426,0.424,2.2,3.1,0.728,2.3,5.3,7.6,1.2,0.5,0.8,1.9,2.9,9,1821,12.4,0.482,0.011,0.383,10.4,25.4,17.7,8.5,1,2.8,16.6,20.4,-0.5,1.8,1.3,0.035,-4.4,0.7,-3.6,-0.7
"Kawhi Leonard","SF",24,"SAS",72,72,33.1,7.7,15.1,0.506,1.8,4,0.443,5.9,11.1,0.528,0.565,4.1,4.6,0.874,1.3,5.5,6.8,2.6,1.8,1,1.5,1.8,21.2,2380,26,0.616,0.267,0.306,4.7,18.4,11.8,13,2.8,2.3,7.8,25.8,8.3,5.5,13.7,0.277,5.5,2.8,8.3,6.2
"Meyers Leonard","PF",23,"POR",61,10,21.9,3.2,7.1,0.448,1.4,3.7,0.377,1.8,3.4,0.527,0.547,0.6,0.8,0.761,0.8,4.3,5.1,1.5,0.1,0.3,1.3,3,8.4,1333,11.3,0.561,0.524,0.106,4.1,21.4,12.8,10.6,0.3,1.1,14.5,17.4,1.2,1,2.2,0.078,-0.5,-1,-1.5,0.2
"Jon Leuer","PF",26,"PHO",67,27,18.7,3.3,7,0.481,0.6,1.6,0.382,2.7,5.3,0.511,0.526,1.1,1.5,0.762,1.1,4.4,5.6,1.1,0.6,0.4,1.1,1.9,8.5,1255,16.2,0.555,0.236,0.217,6.4,26.3,16.1,9.6,1.5,2,12.8,19.8,1.4,1.3,2.7,0.103,-1.3,0.3,-1,0.3
"Damian Lillard","PG",25,"POR",75,75,35.7,8.2,19.7,0.419,3.1,8.1,0.375,5.2,11.5,0.45,0.497,5.5,6.2,0.892,0.6,3.4,4,6.8,0.9,0.4,3.2,2.2,25.1,2676,22.2,0.56,0.414,0.315,1.8,10.4,6.1,33.6,1.2,0.8,12.6,31.3,7.7,1.4,9.2,0.165,5.9,-2.2,3.7,3.8
"Jeremy Lin","SG",27,"CHO",78,13,26.3,3.8,9.3,0.412,1,2.9,0.336,2.9,6.4,0.446,0.464,3.1,3.7,0.815,0.5,2.7,3.2,3,0.7,0.5,1.9,2.1,11.7,2048,13.8,0.534,0.31,0.401,2.2,11.4,6.8,18.6,1.4,1.7,14.9,22.2,1.3,2.3,3.5,0.082,-0.9,-0.2,-1.1,0.5
"Shaun Livingston","PG",30,"GSW",78,3,19.5,2.6,4.9,0.536,0,0.2,0.167,2.6,4.7,0.548,0.538,1,1.2,0.86,0.5,1.6,2.2,3,0.7,0.3,1,1.8,6.3,1520,13.8,0.581,0.032,0.245,3.2,8.5,6,21,1.8,1.3,15.7,14.2,2.9,1.7,4.6,0.145,-0.6,0.1,-0.5,0.6
"Brook Lopez","C",27,"BRK",73,73,33.7,8.1,15.8,0.511,0,0.2,0.143,8.1,15.7,0.515,0.512,4.3,5.5,0.787,2.8,5.1,7.8,2,0.8,1.7,2.4,2.9,20.6,2457,21.7,0.562,0.012,0.348,9.2,17.2,13.1,10.8,1.2,4.1,11.6,27.3,4.5,1.7,6.2,0.121,1.1,0.2,1.3,2.1
"Robin Lopez","C",27,"NYK",82,82,27.1,4.4,8.1,0.539,0,0,0,4.4,8.1,0.54,0.539,1.6,2,0.795,3.3,4.1,7.3,1.4,0.2,1.6,1.6,2.2,10.3,2219,17.6,0.574,0.002,0.243,13.4,16.2,14.8,8.5,0.4,4.4,15.4,17.7,3.7,2.1,5.8,0.126,0.1,1.3,1.4,1.9
"Kevin Love","PF",27,"CLE",77,77,31.5,5.3,12.7,0.419,2.1,5.7,0.36,3.3,7,0.467,0.499,3.4,4.1,0.822,1.9,8,9.9,2.4,0.8,0.5,1.8,2.1,16,2424,19,0.553,0.449,0.321,7,28.4,17.8,12.2,1.2,1.4,11.3,23.4,4.7,3.8,8.5,0.169,1.7,0.9,2.5,2.8
"Kyle Lowry","PG",29,"TOR",77,77,37,6.6,15.6,0.427,2.8,7.1,0.388,3.9,8.5,0.461,0.516,5.2,6.4,0.811,0.7,4,4.7,6.4,2.1,0.4,2.9,2.7,21.2,2851,22.2,0.578,0.457,0.41,2.2,12.3,7.3,29.9,2.9,1,13.7,26.1,8,3.7,11.6,0.196,6.2,0.6,6.8,6.3
"Trey Lyles","PF",20,"UTA",80,33,17.3,2.4,5.5,0.438,0.6,1.6,0.383,1.8,3.9,0.461,0.494,0.7,1,0.695,0.7,3,3.7,0.7,0.3,0.2,0.8,1.4,6.1,1382,11.6,0.517,0.294,0.188,5,20.2,12.6,7.1,1,1.1,12.1,17.9,0.6,1.7,2.3,0.079,-2.4,-0.4,-2.8,-0.3
"Shelvin Mack","PG",25,"TOT",52,27,20.3,3.5,8,0.439,0.8,2.4,0.312,2.8,5.6,0.493,0.486,0.9,1.2,0.738,0.3,2.2,2.5,3.6,0.7,0.1,1.8,1.4,8.6,1058,13.6,0.507,0.301,0.147,1.4,12.5,7,30.6,1.7,0.2,17.7,23.3,0.2,1.2,1.3,0.061,-0.5,-0.8,-1.2,0.2
"Ian Mahinmi","C",29,"IND",71,71,25.6,3.7,6.3,0.589,0,0,0.001,3.7,6.3,0.589,0.589,1.9,3.2,0.587,1.9,5.2,7.1,1.5,0.9,1.1,1.4,3.1,9.3,1816,16.6,0.603,0,0.502,8.3,22.1,15.3,8.9,1.8,3.3,15.5,15.7,2.9,3.3,6.2,0.163,-0.9,3.3,2.4,2
"Kendall Marshall","PG",24,"PHI",30,6,13.3,1.4,3.9,0.364,0.5,1.6,0.327,0.9,2.3,0.391,0.432,0.3,0.4,0.692,0.1,0.9,0.9,2.4,0.5,0.1,1.4,1,3.7,400,6.7,0.449,0.415,0.11,0.5,7.3,3.8,28.4,2,0.4,25.8,18.3,-0.7,0.1,-0.5,-0.064,-5.5,-3.3,-8.8,-0.7
"Jarell Martin","PF",21,"MEM",27,0,14.1,2,4.3,0.466,0,0.1,0,2,4.2,0.474,0.466,1.7,2.3,0.726,1.4,1.7,3.2,0.6,0.3,0.3,0.7,2.1,5.7,380,14,0.534,0.017,0.534,11.2,14.7,12.9,6.4,1.1,1.7,11.7,19.2,0.5,0.2,0.8,0.1,-1.6,-1.6,-3.2,-0.1
"Kevin Martin","SG",32,"TOT",55,13,19.9,2.8,7.6,0.372,0.9,2.5,0.36,1.9,5.1,0.378,0.431,2.8,3.1,0.89,0.3,1.7,2,1.1,0.5,0.1,1,1.5,9.3,1095,11.5,0.52,0.325,0.411,1.5,10,5.8,8.2,1.2,0.2,9.8,22.6,0.7,0.5,1.2,0.054,-1.4,-3.1,-4.5,-0.7
"Wesley Matthews","SF",29,"DAL",78,78,33.9,4.2,10.9,0.388,2.4,6.7,0.36,1.8,4.2,0.432,0.498,1.6,1.9,0.863,0.3,2.7,3.1,1.9,1,0.2,1,2.3,12.5,2644,10.9,0.532,0.615,0.171,1.1,8.8,4.9,8.9,1.5,0.5,7.8,17.2,1.9,1.8,3.7,0.067,0.8,-0.3,0.5,1.6
"OJ Mayo","SG",28,"MIL",41,24,26.6,2.9,7.8,0.371,1.3,4,0.321,1.6,3.9,0.421,0.452,0.8,1,0.775,0.3,2.2,2.6,2.9,1.2,0.2,1.8,3.1,7.8,1090,7.7,0.474,0.505,0.125,1.4,9.6,5.5,15.8,2.2,0.6,17.5,17,-0.7,0.6,-0.1,-0.005,-2,-1.5,-3.5,-0.4
"Luc Mbah a Moute","PF",29,"LAC",75,61,17,1.3,2.8,0.454,0.2,0.5,0.325,1.1,2.2,0.485,0.486,0.4,0.8,0.526,0.8,1.5,2.3,0.4,0.6,0.3,0.5,1.3,3.1,1274,7.3,0.498,0.193,0.275,5.2,9.4,7.3,3.3,1.7,1.2,12.8,9.4,0.2,1.3,1.6,0.059,-3,1.5,-1.6,0.1
"Ray McCallum","PG",24,"TOT",41,6,11.6,1.3,3.6,0.377,0.4,1,0.357,1,2.5,0.385,0.428,0.3,0.4,0.8,0.2,1,1.1,1.5,0.3,0.2,0.6,0.7,3.3,475,9.1,0.449,0.288,0.103,1.9,9.3,5.6,18.5,1.3,1.2,13.6,16.8,-0.2,0.5,0.3,0.034,-2.9,-0.8,-3.8,-0.2
"CJ McCollum","SG",24,"POR",80,80,34.8,8,17.9,0.448,2.5,5.9,0.417,5.6,12,0.463,0.517,2.3,2.8,0.827,0.6,2.7,3.2,4.3,1.2,0.3,2.5,2.3,20.8,2780,17.7,0.544,0.33,0.158,1.8,8.3,5,21.6,1.7,0.6,11.4,27.1,4.4,1.7,6,0.104,2.5,-2,0.4,1.7
"TJ McConnell","PG",23,"PHI",81,17,19.8,2.7,5.7,0.47,0.4,1.1,0.348,2.3,4.6,0.499,0.503,0.3,0.5,0.634,0.5,2.6,3.1,4.5,1.2,0.1,1.7,1.4,6.1,1606,14.5,0.511,0.192,0.088,2.8,14.5,8.5,37.2,2.9,0.5,22.5,17,0.6,1.4,1.9,0.058,-1.7,-0.4,-2.1,0
"Chris McCullough","PF",20,"BRK",24,4,15.1,1.8,4.5,0.404,0.5,1.4,0.382,1.3,3.1,0.413,0.463,0.5,1,0.478,1,1.8,2.8,0.4,1.2,0.5,0.6,1.6,4.7,362,12.2,0.47,0.312,0.211,7.6,13.6,10.5,3.7,3.9,2.7,11.2,16.5,-0.1,0.4,0.3,0.043,-2.1,1.1,-1,0.1
"Doug McDermott","SF",24,"CHI",81,4,23,3.6,8,0.452,1.4,3.2,0.425,2.2,4.8,0.47,0.537,0.9,1,0.857,0.5,2,2.4,0.7,0.2,0.1,0.7,1.6,9.4,1861,10.9,0.561,0.402,0.13,2.1,8.8,5.5,5,0.4,0.2,7.2,17.3,2.1,0.7,2.8,0.073,-0.3,-2.8,-3.1,-0.5
"JaVale McGee","C",28,"DAL",34,2,10.9,2.3,3.9,0.575,0,0,0,2.3,3.9,0.579,0.575,0.5,1.1,0.5,1.6,2.4,3.9,0.1,0.1,0.8,0.6,1.4,5.1,370,19.9,0.574,0.007,0.269,15.8,23.7,19.7,1.5,0.7,5.9,12.3,21.1,0.6,0.5,1.1,0.146,-2.9,-0.6,-3.5,-0.1
"Ben McLemore","SG",22,"SAC",68,53,21.2,2.9,6.7,0.429,1,2.7,0.362,1.9,4,0.474,0.502,1.1,1.5,0.718,0.5,1.7,2.2,1.2,0.8,0.1,1.5,2.1,7.8,1443,8.6,0.531,0.407,0.226,2.6,8.5,5.6,7.9,1.7,0.6,16.5,17.6,-0.4,0.7,0.3,0.01,-2,-1.2,-3.2,-0.4
"Josh McRoberts","PF",28,"MIA",42,1,14.2,1.3,3.5,0.372,0.3,1.2,0.245,1,2.4,0.434,0.412,0.7,1,0.7,0.5,2,2.5,1.9,0.4,0.2,0.7,1.6,3.6,595,9.9,0.453,0.331,0.27,4.3,15.3,10,19.4,1.6,0.9,15.3,15,0.1,0.7,0.8,0.064,-1.9,0.6,-1.4,0.1
"Salah Mejri","C",29,"DAL",34,6,11.7,1.4,2.3,0.628,0,0,0,1.4,2.3,0.636,0.628,0.8,1.4,0.587,1.2,2.4,3.6,0.3,0.2,1.1,0.7,1.6,3.7,397,16.8,0.636,0.013,0.59,11.4,22.6,17,3.9,1,7.6,19,14,0.6,0.7,1.3,0.156,-2.6,3.7,1.1,0.3
"Khris Middleton","SG",24,"MIL",79,79,36.1,6.4,14.5,0.444,1.8,4.6,0.396,4.6,9.9,0.466,0.507,3.5,3.9,0.888,0.6,3.3,3.8,4.2,1.7,0.2,2.3,2.6,18.2,2852,16.8,0.56,0.316,0.273,1.8,10.2,6,18.9,2.3,0.6,12.3,23,4.3,1.8,6.1,0.103,2.2,-1.6,0.6,1.9
"CJ Miles","SF",28,"IND",64,24,22.9,4,9.9,0.409,2.2,6,0.367,1.8,3.9,0.474,0.521,1.5,1.9,0.75,0.4,2.3,2.7,1,0.8,0.5,1.1,2.2,11.8,1464,14,0.547,0.61,0.196,1.9,11.1,6.5,7,1.8,1.6,9.2,22.8,1.2,1.9,3.1,0.103,1,-1.2,-0.2,0.7
"Andre Miller","PG",39,"TOT",39,4,11.8,1.5,2.7,0.557,0.1,0.2,0.25,1.5,2.5,0.582,0.566,0.6,0.8,0.75,0.3,1,1.3,2.2,0.4,0,0.9,1.2,3.7,461,13.4,0.6,0.075,0.302,3.1,9.5,6.4,28.3,1.8,0,23.6,15.4,0.6,0.4,1,0.1,-1.1,-1.8,-2.9,-0.1
"Patty Mills","PG",27,"SAS",81,3,20.5,3.2,7.6,0.425,1.5,4,0.384,1.7,3.6,0.469,0.525,0.6,0.7,0.81,0.3,1.6,2,2.8,0.7,0.1,0.9,1.3,8.5,1662,14.6,0.541,0.523,0.095,1.9,8.7,5.4,20.1,1.8,0.3,10.7,19.7,2.2,2.6,4.8,0.139,2.1,-0.4,1.7,1.6
"Paul Millsap","PF",30,"ATL",81,81,32.7,6.2,13.2,0.47,0.9,2.9,0.319,5.3,10.3,0.512,0.505,3.8,5,0.757,2.4,6.6,9,3.3,1.8,1.7,2.4,2.9,17.1,2647,21.3,0.556,0.218,0.383,8.4,21.5,15.1,16.4,2.7,4.1,13.3,24.3,4.1,6,10.1,0.183,1.1,4.2,5.3,4.9
"Nikola Mirotic","PF",24,"CHI",66,38,24.9,3.8,9.2,0.407,2,5.2,0.39,1.7,4,0.43,0.518,2.2,2.7,0.807,0.9,4.6,5.5,1.5,0.9,0.7,1.5,2.3,11.8,1646,15.6,0.564,0.568,0.297,3.8,19.1,11.6,9.4,1.8,2,12.9,21.1,1.8,2.2,3.9,0.115,1.1,0.1,1.2,1.3
"Greg Monroe","C",25,"MIL",79,67,29.3,6.2,11.9,0.522,0,0,0,6.2,11.9,0.522,0.522,2.9,3.9,0.74,2.8,6.1,8.8,2.3,0.9,0.8,1.6,2.1,15.3,2314,21.8,0.562,0.001,0.327,10.9,23.4,17.2,13.2,1.6,2.5,10.7,23.5,5,2.4,7.5,0.155,1.3,0.2,1.5,2.1
"E'Twaun Moore","SG",26,"CHI",59,22,21.4,3.2,6.6,0.481,0.8,1.8,0.452,2.4,4.8,0.491,0.541,0.4,0.6,0.629,0.3,1.9,2.3,1.7,0.6,0.3,0.9,1.7,7.5,1263,11.4,0.548,0.267,0.09,1.6,9.3,5.5,12.1,1.5,1,11.6,15.9,0.9,1,1.8,0.07,-1.1,-0.7,-1.8,0.1
"Marcus Morris","SF",26,"DET",80,80,35.7,5.1,11.8,0.434,1.4,3.7,0.362,3.8,8.1,0.467,0.491,2.5,3.4,0.749,1.1,3.9,5.1,2.5,0.8,0.3,1.8,2.1,14.1,2856,12.7,0.531,0.315,0.287,3.3,12.4,7.7,11,1.2,0.6,11.6,18.4,2.9,2.5,5.4,0.091,0.2,0.5,0.7,2
"Markieff Morris","PF",26,"TOT",64,45,25.5,4.8,11.2,0.425,0.7,2.4,0.303,4,8.8,0.458,0.458,1.7,2.3,0.735,1.1,4.4,5.5,1.9,0.9,0.5,2.1,2.9,12,1629,12.2,0.489,0.216,0.205,4.8,19.3,11.9,12.7,1.7,1.7,14.7,24.2,-1.2,1.7,0.5,0.015,-2.9,0.1,-2.8,-0.3
"Anthony Morrow","SG",30,"OKC",68,6,13.6,2,4.9,0.408,1.2,3,0.387,0.8,1.9,0.442,0.527,0.4,0.6,0.744,0.1,0.8,0.9,0.4,0.3,0.1,0.3,0.9,5.6,926,10.7,0.543,0.613,0.117,1.2,5.8,3.6,3.7,1.2,0.4,4.6,16.9,1.4,0.5,1.9,0.097,0.5,-3.2,-2.7,-0.2
"Donatas Motiejunas","PF",25,"HOU",37,22,14.8,2.4,5.5,0.439,0.4,1.5,0.281,2,4,0.5,0.478,0.9,1.4,0.642,1,1.9,2.9,1.1,0.5,0.1,1.2,1.9,6.2,547,11.3,0.504,0.278,0.259,7.4,14.6,11,12.2,1.5,0.8,16.2,21.4,0,0.3,0.3,0.026,-2.5,-1.9,-4.3,-0.3
"Timofey Mozgov","C",29,"CLE",76,48,17.4,2.7,4.7,0.565,0,0.1,0.143,2.7,4.6,0.574,0.567,0.9,1.3,0.716,1.4,3,4.4,0.4,0.3,0.8,0.9,2.1,6.3,1326,14.6,0.593,0.019,0.265,9.5,19.2,14.4,3.9,0.9,3.5,15,16.1,1.8,1.9,3.7,0.133,-2.2,1,-1.2,0.3
"Emmanuel Mudiay","PG",19,"DEN",68,66,30.4,4.8,13.3,0.364,1.1,3.4,0.319,3.8,9.9,0.379,0.404,2.1,3.1,0.67,0.5,2.9,3.4,5.5,1,0.5,3.2,2.1,12.8,2068,9.9,0.437,0.256,0.231,1.7,10.9,6.2,29,1.6,1.4,17.9,25.7,-3.3,1.2,-2.1,-0.049,-3.1,-1.2,-4.3,-1.2
"Shabazz Muhammad","SF",23,"MIN",82,0,20.5,3.9,8.3,0.465,0.5,1.9,0.289,3.3,6.5,0.516,0.498,2.3,3,0.764,1.2,2,3.3,0.6,0.3,0.1,0.9,1.1,10.5,1682,15.2,0.548,0.223,0.355,7,11.4,9.2,5.2,0.7,0.3,8.2,22.8,2.6,0.2,2.7,0.077,0,-4.2,-4.2,-0.9
"Larry Nance Jr","PF",23,"LAL",63,22,20.1,2.5,4.8,0.527,0,0.2,0.1,2.5,4.6,0.541,0.528,0.5,0.7,0.681,1.6,3.3,5,0.7,0.9,0.4,0.7,2,5.5,1266,13.4,0.544,0.033,0.157,8.3,18.6,13.3,5.7,2.1,1.4,11.3,12.6,1.3,0.9,2.2,0.083,-2,0.6,-1.4,0.2
"Shabazz Napier","PG",24,"ORL",55,0,10.9,1.2,3.7,0.338,0.6,1.9,0.327,0.6,1.8,0.351,0.423,0.6,0.8,0.733,0.2,0.8,1,1.8,0.4,0,0.8,0.7,3.7,600,9.6,0.46,0.517,0.224,1.6,8.6,5.1,23.1,1.9,0.1,17.2,19.7,-0.3,0.4,0.1,0.004,-2.3,-2.6,-4.9,-0.4
"Gary Neal","SG",31,"WAS",40,2,20.2,3.8,8.1,0.465,1,2.5,0.41,2.8,5.6,0.489,0.528,1.2,1.4,0.855,0.3,1.8,2.1,1.2,0.5,0,0.7,1.4,9.8,807,13.5,0.558,0.308,0.169,1.5,10.2,5.8,9.2,1.2,0.1,7.7,20.5,0.9,0.5,1.4,0.085,-0.5,-2.3,-2.8,-0.2
"Jameer Nelson","PG",33,"DEN",39,15,26.6,2.9,7.9,0.368,1.1,3.7,0.299,1.8,4.2,0.429,0.438,0.8,0.9,0.857,0.5,2.5,2.9,4.9,0.6,0.1,1.7,2.6,7.7,1036,9.5,0.464,0.469,0.114,2,10.4,6.2,27.3,1.2,0.4,17,16.4,0.1,0.4,0.5,0.024,-1.2,-1.9,-3.1,-0.3
"Raul Neto","PG",23,"UTA",81,53,18.5,2.2,5.2,0.431,0.8,2,0.395,1.4,3.2,0.453,0.507,0.6,0.9,0.743,0.2,1.3,1.5,2.1,0.8,0,1.3,1.5,5.9,1499,10.2,0.53,0.388,0.167,1.3,8,4.7,18.7,2.2,0.1,19.5,17.2,0.2,1.6,1.8,0.058,-1.6,-0.7,-2.3,-0.1
"Andrew Nicholson","PF",26,"ORL",56,0,14.7,2.6,5.5,0.471,0.7,2,0.36,1.9,3.5,0.536,0.537,0.9,1.2,0.785,0.6,3,3.6,0.4,0.2,0.4,0.7,1.2,6.9,823,14.8,0.567,0.368,0.21,4.5,22.8,13.5,4.8,0.6,2.2,10.8,20.4,0.8,0.8,1.6,0.092,-1.7,-2,-3.7,-0.4
"Joakim Noah","C",30,"CHI",29,2,21.9,1.8,4.6,0.383,0,0,0,1.8,4.6,0.386,0.383,0.8,1.6,0.489,3,5.8,8.8,3.8,0.6,1,1.8,2.7,4.3,635,14.1,0.406,0.008,0.338,14.7,27.3,21.1,24.2,1.4,3.3,25.4,14.2,0,1.1,1.1,0.079,-2.3,4.3,1.9,0.6
"Nerlens Noel","C",21,"PHI",67,62,29.3,4.6,8.8,0.521,0,0,0.5,4.6,8.7,0.521,0.522,2,3.4,0.59,2.3,5.8,8.1,1.8,1.8,1.5,2.4,2.9,11.1,1965,16.2,0.544,0.003,0.387,8.2,22.2,15,10.5,2.9,3.9,18.7,18.8,0.3,2.8,3,0.074,-2.7,3.4,0.7,1.3
"Dirk Nowitzki","PF",37,"DAL",75,75,31.5,6.6,14.8,0.448,1.7,4.6,0.368,5,10.3,0.483,0.504,3.3,3.7,0.893,0.7,5.8,6.5,1.8,0.7,0.7,1.1,2.1,18.3,2364,19,0.555,0.308,0.252,2.4,20.3,11.4,10.1,1.1,1.8,6.4,25.5,4.2,2.6,6.8,0.138,1.2,-0.3,0.9,1.7
"Jusuf Nurkic","C",21,"DEN",32,3,17.1,3.2,7.6,0.417,0,0.1,0,3.2,7.5,0.423,0.417,1.9,3.1,0.616,2,3.4,5.5,1.3,0.8,1.4,1.7,2.8,8.2,547,15.9,0.46,0.012,0.409,12.9,22.7,17.7,12.3,2.2,6.5,16.1,27.2,-0.5,0.9,0.4,0.031,-4.1,2.8,-1.3,0.1
"Johnny O'Bryant","PF",22,"MIL",66,4,13,1.3,3.2,0.411,0,0,1,1.3,3.2,0.409,0.414,0.4,0.6,0.675,1,1.7,2.7,0.5,0.3,0.1,0.5,1.5,3,857,7.4,0.441,0.005,0.191,8.7,14.7,11.7,5.4,1.1,0.8,12,13.5,-0.2,0.4,0.3,0.014,-4.3,-1.7,-6,-0.9
"Kyle O'Quinn","PF",25,"NYK",65,1,11.8,2,4.2,0.476,0.1,0.3,0.227,1.9,3.8,0.498,0.485,0.7,0.9,0.767,1.2,2.7,3.8,1.1,0.3,0.8,0.9,1.6,4.8,764,17.5,0.52,0.081,0.221,11,24.5,17.9,15.9,1.3,4.9,17,21.2,0.5,1.2,1.6,0.103,-1.8,2.5,0.7,0.5
"Jahlil Okafor","C",20,"PHI",53,48,30,7.5,14.7,0.508,0,0.1,0.167,7.5,14.6,0.511,0.509,2.5,3.7,0.686,2.3,4.7,7,1.2,0.4,1.2,2.3,2.6,17.5,1591,17.1,0.536,0.008,0.248,8.1,17.8,12.8,8.2,0.7,2.9,12.5,27.3,0.3,0.9,1.2,0.037,-2.6,-1.5,-4.1,-0.8
"Victor Oladipo","SG",23,"ORL",72,52,33,5.9,13.5,0.438,1.4,3.9,0.348,4.5,9.6,0.475,0.489,2.8,3.4,0.83,0.7,4.1,4.8,3.9,1.6,0.8,2.1,2.4,16,2379,16.7,0.534,0.291,0.255,2.2,14,8,18.6,2.4,1.9,12.4,22.9,2.2,2.7,4.9,0.099,1,0.8,1.8,2.3
"Kelly Olynyk","C",24,"BOS",69,8,20.2,3.7,8.1,0.455,1.2,3,0.405,2.4,5,0.486,0.531,1.4,1.9,0.75,1,3,4.1,1.5,0.8,0.5,1.1,2.4,10,1395,16.3,0.561,0.378,0.23,5.4,16.2,10.7,11.9,1.8,1.8,10.8,20.9,2.1,2,4.1,0.141,0.8,0.4,1.2,1.1
"Kelly Oubre","SF",20,"WAS",63,9,10.7,1.4,3.3,0.427,0.4,1.3,0.316,1,2.1,0.492,0.486,0.5,0.8,0.633,0.4,1.7,2.1,0.2,0.3,0.1,0.5,1.6,3.7,671,8.2,0.507,0.374,0.232,4.1,18.4,11.1,2.8,1.6,0.8,12.8,17.4,-0.3,0.7,0.4,0.031,-4.3,-1.6,-5.8,-0.7
"Zaza Pachulia","C",31,"DAL",76,69,26.4,2.9,6.2,0.466,0,0,0,2.9,6.1,0.469,0.466,2.8,3.6,0.768,3.3,6.2,9.4,1.7,0.8,0.3,1.6,2.4,8.6,2004,16.2,0.55,0.006,0.587,13.7,25.7,19.7,9.7,1.6,0.9,16.8,16.2,3.4,2.7,6,0.145,-0.8,2.2,1.4,1.7
"Kostas Papanikolaou","SF",25,"DEN",26,6,11.3,0.9,2.5,0.364,0.4,1.2,0.313,0.5,1.3,0.412,0.439,0.3,0.5,0.643,0.3,1.2,1.5,0.6,0.5,0.2,0.8,0.9,2.6,294,6,0.464,0.485,0.212,3,12.3,7.5,7.8,2.2,1.4,22.5,13.9,-0.4,0.2,-0.1,-0.022,-4.5,0.1,-4.3,-0.2
"Jabari Parker","PF",20,"MIL",76,72,31.7,5.8,11.8,0.493,0.1,0.5,0.257,5.7,11.4,0.502,0.498,2.3,3,0.768,1.6,3.6,5.2,1.7,0.9,0.4,1.5,2,14.1,2408,14.8,0.535,0.039,0.254,5.9,12.8,9.4,8.9,1.5,1,10.4,20.9,2.4,1.2,3.6,0.072,-0.9,-1.5,-2.4,-0.2
"Tony Parker","PG",33,"SAS",72,72,27.5,4.9,9.9,0.493,0.4,0.9,0.415,4.5,9,0.501,0.512,1.8,2.4,0.76,0.2,2.2,2.4,5.3,0.8,0.2,1.8,1.6,11.9,1980,16.2,0.546,0.092,0.241,1,8.8,5.1,29.1,1.4,0.4,14.3,21.2,2.9,2.9,5.8,0.142,0.4,-0.3,0.1,1
"Chandler Parsons","SF",27,"DAL",61,51,29.5,5.2,10.7,0.492,1.7,4.1,0.414,3.5,6.6,0.54,0.571,1.5,2.2,0.684,0.5,4.2,4.7,2.8,0.8,0.3,1.6,1.9,13.7,1799,16.2,0.589,0.386,0.209,1.8,15.6,8.7,16,1.3,1,11.8,20.5,2.6,1.6,4.3,0.114,1.6,0.3,1.9,1.8
"Lamar Patterson","SG",24,"ATL",35,0,11.3,0.8,2.3,0.35,0.3,1.4,0.245,0.5,0.9,0.516,0.425,0.5,0.6,0.727,0.1,1.3,1.4,1.1,0.3,0.1,0.7,1.3,2.4,395,5.1,0.468,0.613,0.275,1.1,12.4,6.9,13.6,1.1,0.4,20.4,12.8,-0.3,0.5,0.2,0.025,-4.6,-0.3,-4.9,-0.3
"Patrick Patterson","PF",26,"TOR",79,0,25.6,2.6,6.2,0.414,1.3,3.7,0.362,1.2,2.5,0.49,0.521,0.4,0.4,0.853,1,3.4,4.3,1.2,0.7,0.4,0.8,1.6,6.9,2020,10.6,0.534,0.594,0.069,4.4,14.8,9.7,7.1,1.4,1.3,11.3,12.9,1.6,2,3.6,0.086,0.4,0.6,1,1.5
"Chris Paul","PG",30,"LAC",74,74,32.7,7,15.1,0.462,1.6,4.4,0.371,5.3,10.6,0.501,0.517,4,4.4,0.896,0.5,3.7,4.2,10,2.1,0.2,2.6,2.5,19.5,2420,26.2,0.575,0.295,0.294,1.8,12,7,52.7,3.1,0.4,13.4,27.1,9.2,3.5,12.7,0.253,7.3,0.5,7.8,6
"Cameron Payne","PG",21,"OKC",57,1,12.2,2,4.9,0.41,0.6,1.9,0.324,1.4,2.9,0.467,0.475,0.3,0.4,0.792,0.2,1.3,1.5,1.9,0.6,0.1,0.8,1.4,5,698,12.9,0.49,0.399,0.086,1.5,11.2,6.6,22.5,2.6,0.7,13.2,20.3,0.6,0.8,1.4,0.093,-0.4,-0.9,-1.3,0.1
"Elfrid Payton","PG",21,"ORL",73,69,29.4,4.4,10,0.436,0.4,1.3,0.326,3.9,8.7,0.451,0.456,1.5,2.6,0.589,1.1,2.5,3.6,6.4,1.2,0.3,2.4,2.2,10.7,2145,13.9,0.478,0.126,0.26,3.9,9.6,6.7,32.8,2.1,0.8,17.9,20.4,0.5,1.7,2.2,0.05,-0.9,-0.5,-1.3,0.4
"Kendrick Perkins","C",31,"NOP",37,5,14.6,1.1,2,0.533,0,0,0.001,1.1,2,0.533,0.533,0.3,0.7,0.44,0.7,2.8,3.5,0.8,0.3,0.3,1.1,1.7,2.5,542,6,0.529,0,0.333,4.9,21.8,13.1,7.9,1,1.7,32.3,10.4,-0.4,0.4,-0.1,-0.007,-5.6,1.3,-4.3,-0.3
"Paul Pierce","SF",38,"LAC",68,38,18.1,2.1,5.8,0.363,1.1,3.6,0.31,1,2.3,0.445,0.457,0.8,1,0.818,0.2,2.6,2.7,1,0.5,0.3,0.9,1.9,6.1,1231,8.2,0.489,0.61,0.166,1.1,15.2,8.2,8.5,1.3,1.1,12,17.8,-0.6,1.4,0.9,0.033,-2.5,-0.3,-2.8,-0.3
"Mason Plumlee","C",25,"POR",82,82,25.4,3.3,6.3,0.516,0,0,0,3.3,6.3,0.52,0.516,2.6,4.1,0.642,2.5,5.2,7.7,2.8,0.8,1,1.9,3.1,9.1,2084,17.2,0.564,0.008,0.648,10.4,22.2,16.3,16.2,1.6,3.2,18.8,17.1,3.4,2.7,6.1,0.14,-0.2,3,2.8,2.5
"Miles Plumlee","C",27,"MIL",61,14,14.3,2.3,3.8,0.601,0,0,0.001,2.3,3.8,0.601,0.601,0.6,1,0.576,1.5,2.3,3.8,0.3,0.3,0.8,0.7,1.2,5.1,870,17.4,0.606,0,0.253,12.5,18,15.2,2.9,1.2,4.9,13.4,15.5,1.4,0.8,2.2,0.124,-1.4,-0.4,-1.8,0
"Otto Porter","SF",22,"WAS",75,73,30.3,4.5,9.6,0.473,1.3,3.6,0.367,3.2,6,0.536,0.541,1.3,1.7,0.754,1.3,3.9,5.2,1.6,1.4,0.4,0.9,2.2,11.6,2276,14.5,0.564,0.372,0.176,4.7,14.7,9.6,7.9,2.2,1.1,8.3,16.2,3,2.7,5.6,0.119,0.8,1,1.8,2.2
"Bobby Portis","PF",20,"CHI",62,4,17.8,3,7,0.427,0.3,0.8,0.308,2.7,6.2,0.443,0.445,0.8,1.1,0.727,2,3.5,5.4,0.8,0.4,0.4,0.9,1.6,7,1102,13.8,0.469,0.119,0.151,12,20,16.1,7.5,1.1,1.5,10.4,20.7,0.3,1.3,1.5,0.066,-2.4,-0.9,-3.3,-0.4
"Kristaps Porzingis","PF",20,"NYK",72,72,28.4,5.2,12.3,0.421,1.1,3.4,0.333,4.1,8.9,0.454,0.467,2.8,3.3,0.838,1.8,5.5,7.3,1.3,0.7,1.9,1.7,2.8,14.3,2047,17.7,0.518,0.274,0.271,7.1,20.7,14,7.8,1.3,5,10.9,24.6,1.5,2.9,4.3,0.102,-0.8,0.9,0.1,1.1
"Dwight Powell","PF",24,"DAL",69,2,14.4,2.1,4.3,0.493,0,0.2,0.125,2.1,4.1,0.514,0.497,1.5,2.1,0.739,1.2,2.7,4,0.6,0.5,0.3,0.6,1.7,5.8,992,16.8,0.557,0.054,0.48,9.3,20.9,15.1,7.2,1.8,2,10,18.4,1.8,1.3,3.1,0.151,-1.3,1,-0.3,0.4
"Norman Powell","SG",22,"TOR",49,24,14.8,2,4.7,0.424,0.7,1.8,0.404,1.2,2.9,0.436,0.502,0.9,1.1,0.811,0.3,1.9,2.3,1,0.6,0.2,0.7,1.2,5.6,725,13.3,0.541,0.389,0.231,2.6,14.8,8.8,10.4,2.1,1.1,11.3,17.8,0.7,0.8,1.6,0.105,-0.3,-0.1,-0.4,0.3
"Phil Pressey","PG",24,"TOT",23,0,12.3,1.3,3.4,0.385,0.2,0.8,0.222,1.1,2.6,0.433,0.41,0.6,1.1,0.52,0.1,1.2,1.3,3.3,0.8,0.2,1.4,1.2,3.3,283,10.6,0.433,0.231,0.321,1.1,11.1,6,40.7,3.1,1.1,27,18.7,-0.4,0.3,-0.1,-0.017,-4.8,-1.5,-6.4,-0.3
"Ronnie Price","PG",32,"PHO",62,18,19.5,1.9,4.9,0.384,1.1,3.2,0.347,0.8,1.7,0.453,0.497,0.5,0.7,0.756,0.4,1.2,1.6,2.4,1.2,0.2,1.1,2.6,5.3,1211,9.6,0.517,0.649,0.136,2.2,6.8,4.4,17.9,3,0.9,17.9,13.7,0.4,1,1.4,0.056,-0.7,-0.1,-0.8,0.4
"Pablo Prigioni","PG",38,"LAC",59,3,13.9,0.9,2.5,0.374,0.5,1.6,0.295,0.5,0.9,0.519,0.469,0.1,0.1,0.875,0.6,1.3,1.9,2.2,0.9,0,0.8,1.4,2.5,823,10.2,0.482,0.646,0.054,5.1,9.9,7.5,21.8,3.2,0.1,24.6,11,0.3,1.1,1.5,0.087,-1.1,1.5,0.4,0.5
"Tayshaun Prince","SF",35,"MIN",77,44,19,1.3,3,0.445,0.1,0.3,0.174,1.3,2.7,0.476,0.454,0.2,0.2,0.684,0.4,1.5,1.9,0.9,0.5,0.2,0.4,0.8,2.9,1462,6.3,0.466,0.1,0.083,2.6,9,5.8,7,1.2,0.7,10.2,8.1,0.1,0.3,0.4,0.014,-2.9,-0.2,-3.1,-0.4
"Julius Randle","PF",21,"LAL",81,60,28.2,4.4,10.3,0.429,0.1,0.4,0.278,4.3,9.9,0.436,0.435,2.4,3.3,0.715,2.1,8.1,10.2,1.8,0.7,0.4,1.8,3,11.3,2286,13.9,0.482,0.043,0.323,7.8,32,19.5,11,1.2,1,13.5,21.2,-0.3,1.9,1.6,0.035,-3.7,0,-3.6,-0.9
"Zach Randolph","PF",34,"MEM",68,53,29.6,6.3,13.3,0.475,0.1,0.4,0.231,6.3,13,0.482,0.479,2.5,3.2,0.796,2.6,5.1,7.8,2.1,0.6,0.2,1.5,2.1,15.3,2016,18.3,0.519,0.029,0.238,9.7,20.7,15,12.9,1.1,0.6,9.5,24.6,2.8,1.5,4.3,0.103,0.3,-1.1,-0.8,0.6
"JJ Redick","SG",31,"LAC",75,75,28,5.6,11.7,0.48,2.7,5.6,0.475,3,6.1,0.484,0.593,2.4,2.7,0.888,0.1,1.7,1.9,1.4,0.6,0.1,1,1.8,16.3,2097,17.5,0.632,0.478,0.233,0.5,6.6,3.6,8.6,1,0.2,7.4,22.6,5.3,1.4,6.7,0.154,3.5,-2.7,0.8,1.5
"Willie Reed","C",25,"BRK",39,2,10.9,1.9,3.4,0.571,0,0,0.001,1.9,3.4,0.571,0.571,0.8,1.4,0.545,1.3,1.9,3.1,0.3,0.2,0.8,0.4,1.2,4.7,426,19.2,0.579,0,0.414,12.7,19.6,16.1,3.8,0.7,5.7,9.2,18.1,0.9,0.3,1.2,0.134,-1.2,-0.4,-1.6,0
"Josh Richardson","SG",22,"MIA",52,2,21.3,2.4,5.2,0.452,1,2.2,0.461,1.3,3,0.446,0.55,0.8,1.2,0.667,0.4,1.7,2.1,1.4,0.7,0.5,0.7,2.1,6.6,1107,11.4,0.569,0.423,0.232,2.2,8.5,5.5,9.7,1.7,1.7,10.5,13.8,1.3,1.2,2.5,0.109,0.2,0.4,0.6,0.7
"Austin Rivers","SG",23,"LAC",67,7,21.9,3.4,7.7,0.438,0.9,2.8,0.335,2.4,4.9,0.495,0.498,1.2,1.7,0.681,0.3,1.6,1.9,1.5,0.7,0.1,0.9,2,8.9,1464,11.1,0.523,0.359,0.225,1.7,7.9,4.8,10.6,1.6,0.5,9.7,19.4,0.6,1.3,1.9,0.063,-1.2,-1,-2.2,-0.1
"Andre Roberson","SG",24,"OKC",70,70,22.2,1.9,3.9,0.496,0.5,1.5,0.311,1.5,2.4,0.608,0.555,0.5,0.8,0.611,1.1,2.5,3.6,0.7,0.8,0.6,0.5,1.9,4.8,1553,10.2,0.566,0.376,0.197,5.9,11.4,8.8,4,1.7,2,10.5,9.1,1.8,1.6,3.4,0.105,0,1.3,1.4,1.3
"Glenn Robinson","SF",22,"IND",45,4,11.3,1.4,3.4,0.43,0.3,0.8,0.378,1.1,2.5,0.447,0.477,0.6,0.9,0.692,0.3,1.2,1.5,0.6,0.4,0.2,0.4,0.5,3.8,508,11.4,0.508,0.245,0.258,2.6,12,7.3,7.7,1.7,1.4,9.7,16.1,0.2,0.6,0.8,0.078,-3,0,-3,-0.1
"Thomas Robinson","PF",24,"BRK",71,7,12.9,1.8,4.1,0.447,0,0,0,1.8,4.1,0.448,0.447,0.7,1.5,0.431,1.9,3.1,5.1,0.6,0.5,0.5,1,1.6,4.3,917,14.5,0.453,0.003,0.375,16.4,27.8,22,7.7,2.1,3.2,16.9,19.8,-0.5,1.1,0.6,0.033,-3.8,0.9,-2.9,-0.2
"Rajon Rondo","PG",29,"SAC",72,72,35.2,4.9,10.9,0.454,0.9,2.4,0.365,4.1,8.5,0.479,0.494,1.2,2.1,0.58,1.1,5,6,11.7,2,0.1,3.9,2.4,11.9,2537,16.9,0.506,0.217,0.192,3.3,15.2,9.3,48,2.7,0.3,24.7,18.8,2.3,2.3,4.6,0.087,0.8,0.2,1,1.9
"Derrick Rose","PG",27,"CHI",66,66,31.8,6.8,15.9,0.427,0.7,2.3,0.293,6.1,13.6,0.449,0.448,2.2,2.7,0.793,0.7,2.7,3.4,4.7,0.7,0.2,2.7,1.3,16.4,2097,13.5,0.479,0.143,0.171,2.4,8.8,5.6,25.5,1.1,0.5,13.4,27.3,-0.8,1.2,0.4,0.009,-1.2,-2.1,-3.3,-0.7
"Terrence Ross","SF",24,"TOR",73,7,23.9,3.7,8.6,0.431,1.8,4.6,0.386,1.9,3.9,0.484,0.536,0.7,0.8,0.79,0.3,2.2,2.5,0.8,0.7,0.3,0.6,1.6,9.9,1747,12.9,0.551,0.542,0.099,1.4,10.6,6.1,5.3,1.6,1.2,6.6,18.2,2.1,1.6,3.6,0.1,1.1,-1.2,-0.2,0.8
"Ricky Rubio","PG",25,"MIN",76,76,30.6,2.9,7.7,0.374,0.8,2.5,0.326,2.1,5.2,0.396,0.427,3.5,4.1,0.847,0.5,3.8,4.3,8.7,2.1,0.1,2.5,2.6,10.1,2323,17.6,0.529,0.324,0.536,2,14.1,8.2,41.4,3.5,0.4,21,17.7,3.6,2.2,5.8,0.119,1.8,0.1,1.9,2.3
"Brandon Rush","SG",30,"GSW",72,25,14.7,1.5,3.6,0.427,0.9,2.2,0.414,0.6,1.4,0.447,0.552,0.3,0.4,0.643,0.3,2.2,2.5,0.8,0.3,0.3,0.5,0.8,4.2,1055,10.1,0.56,0.604,0.108,2.3,15.4,9.2,7,0.9,1.6,10.8,12.5,0.8,1.2,2,0.09,-1.2,-0.2,-1.3,0.2
"D'Angelo Russell","PG",19,"LAL",80,48,28.2,4.9,12,0.41,1.6,4.6,0.351,3.3,7.3,0.447,0.478,1.8,2.4,0.737,0.6,2.8,3.4,3.3,1.2,0.2,2.5,1.8,13.2,2259,13.2,0.507,0.387,0.199,2.2,11.2,6.5,21.2,2.1,0.5,15.9,24.1,-0.7,0.7,0,0.001,-0.2,-1.7,-1.8,0.1
"Robert Sacre","C",26,"LAL",25,1,12.8,1.2,3,0.413,0,0,0.001,1.2,3,0.413,0.413,1,1.5,0.658,1.3,1.6,2.9,0.6,0.2,0.4,0.5,1.7,3.5,320,10.4,0.474,0,0.507,10.4,13.9,12.1,6.9,0.6,2.5,11.6,14.3,0.2,0.1,0.3,0.04,-3.5,-0.8,-4.3,-0.2
"JaKarr Sampson","SF",22,"TOT",73,40,15.9,1.9,4.3,0.442,0.2,0.9,0.222,1.7,3.5,0.496,0.464,1.1,1.7,0.656,0.6,2,2.6,0.6,0.3,0.5,1,1.9,5.1,1160,8.3,0.504,0.199,0.385,4.2,14,9,6.2,1,2.2,15.9,16.6,-0.5,0.6,0.1,0.006,-4.6,-0.8,-5.4,-1
"Dennis Schroder","PG",22,"ATL",80,6,20.3,4.1,9.8,0.421,1,3,0.322,3.2,6.8,0.465,0.471,1.8,2.3,0.791,0.3,2.2,2.6,4.4,0.9,0.1,2.3,1.7,11,1621,15.5,0.51,0.306,0.233,1.7,11.8,6.9,36.1,2.1,0.4,17.5,28.8,-0.2,2.3,2.2,0.064,-0.5,-0.9,-1.4,0.3
"Luis Scola","PF",35,"TOR",76,76,21.5,3.5,7.9,0.45,0.9,2.1,0.404,2.7,5.8,0.467,0.504,0.8,1.1,0.726,1.1,3.6,4.7,0.9,0.6,0.4,0.9,2.3,8.7,1636,13.6,0.523,0.269,0.14,6,19,12.6,6.8,1.5,1.4,9.7,19.5,1.4,1.9,3.3,0.098,-0.8,-0.4,-1.2,0.3
"Mike Scott","PF",27,"ATL",75,0,15.3,2.3,5,0.468,0.8,2.1,0.392,1.5,2.9,0.523,0.551,0.7,0.8,0.794,0.7,2,2.7,1,0.3,0.2,0.6,1.4,6.2,1146,14,0.575,0.42,0.168,5.2,14.2,9.8,10.5,1.1,1.2,9.4,17.4,1.7,1.5,3.2,0.132,-0.2,-0.4,-0.6,0.4
"Thabo Sefolosha","SF",31,"ATL",75,11,23.4,2.5,5,0.505,0.6,1.7,0.339,1.9,3.3,0.589,0.562,0.8,1.3,0.626,0.7,3.8,4.5,1.4,1.1,0.5,0.9,1.5,6.4,1758,12.4,0.578,0.333,0.266,3.3,17.1,10.4,8.8,2.4,1.7,14.1,12.3,1.3,3.2,4.5,0.122,-1.7,2.8,1.1,1.4
"Kevin Seraphin","C",26,"NYK",48,0,11,1.8,4.3,0.41,0,0,0,1.8,4.2,0.414,0.41,0.4,0.5,0.826,0.6,2,2.6,1,0.2,0.8,0.9,1.4,3.9,526,10.8,0.435,0.01,0.112,6.5,19.5,13.1,14.8,0.8,5.2,16.7,22.2,-0.8,0.7,-0.2,-0.015,-5.9,1.5,-4.4,-0.3
"Ramon Sessions","PG",29,"WAS",82,5,20.3,3.4,7.2,0.473,0.4,1.4,0.324,3,5.9,0.507,0.503,2.6,3.5,0.756,0.3,2.2,2.5,2.9,0.6,0.1,1.4,1.2,9.9,1667,15.9,0.565,0.188,0.478,1.6,12.2,6.8,22,1.3,0.2,13.8,21.8,2.5,1.3,3.8,0.109,-0.3,-1.5,-1.8,0.1
"Iman Shumpert","SG",25,"CLE",54,5,24.4,2.1,5.6,0.374,0.8,2.7,0.295,1.3,2.9,0.447,0.444,0.7,0.9,0.784,0.6,3.2,3.8,1.7,1,0.4,1.1,2.2,5.8,1316,8.4,0.475,0.479,0.167,2.8,14.6,8.7,9.8,2.1,1.2,14.8,13.2,-0.1,1.8,1.7,0.063,-2.1,1.9,-0.2,0.6
"Jonathon Simmons","SG",26,"SAS",55,2,14.8,2.2,4.4,0.504,0.3,0.9,0.383,1.9,3.5,0.533,0.541,1.3,1.7,0.75,0.3,1.5,1.7,1.1,0.4,0.1,1,1.9,6,813,11.9,0.586,0.194,0.38,2.3,10.8,6.7,10.4,1.5,0.5,15.8,18.9,0.7,1.3,2,0.119,-1.1,0.2,-1,0.2
"Kyle Singler","SF",27,"OKC",68,2,14.4,1.3,3.3,0.389,0.4,1.4,0.309,0.8,1.8,0.452,0.457,0.4,0.6,0.659,0.7,1.3,2.1,0.4,0.4,0.1,0.5,1.8,3.4,977,6.6,0.481,0.439,0.199,5.9,9.6,7.9,3.2,1.5,0.7,11.7,11.9,0.3,0.8,1.1,0.054,-1.7,-0.8,-2.5,-0.1
"Donald Sloan","PG",28,"BRK",61,33,21.6,2.5,5.7,0.44,0.6,1.6,0.384,1.9,4.1,0.462,0.494,1.3,1.7,0.75,0.3,2.6,2.8,4.4,0.5,0.1,1.3,1.2,7,1318,13.9,0.536,0.283,0.297,1.4,13.5,7.4,30,1.2,0.2,16.8,16.1,1.7,0.3,2,0.071,-0.3,-2.1,-2.4,-0.1
"Marcus Smart","PG",21,"BOS",61,10,27.3,3,8.7,0.348,1,4,0.253,2,4.7,0.427,0.405,2.1,2.7,0.777,1.2,2.9,4.2,3,1.5,0.3,1.3,3,9.1,1667,11.3,0.463,0.456,0.314,4.8,11.6,8.1,15.8,2.7,0.8,11.7,17.4,0.5,2.4,2.9,0.083,-0.6,1.3,0.7,1.1
"Ish Smith","PG",27,"TOT",77,53,29.1,5.2,12.6,0.411,0.7,2.2,0.329,4.4,10.4,0.428,0.44,1.6,2.3,0.693,0.6,3.4,4,6.5,1.1,0.3,2.3,1.7,12.6,2239,14.9,0.465,0.176,0.182,2,13.3,7.5,38.3,1.9,0.8,14.4,23.9,0,1.3,1.3,0.027,-0.6,-1.1,-1.7,0.1
"JR Smith","SG",30,"CLE",77,77,30.7,4.6,11,0.415,2.6,6.6,0.4,1.9,4.4,0.438,0.535,0.6,0.9,0.634,0.6,2.3,2.8,1.7,1.1,0.3,0.8,2.6,12.4,2362,12.4,0.542,0.6,0.084,2.1,8.3,5.2,8.5,1.8,0.7,6.3,18,3,2.5,5.5,0.111,1.8,-0.4,1.3,2
"Jason Smith","C",29,"ORL",76,2,15.5,3.2,6.6,0.485,0.1,0.2,0.25,3.2,6.4,0.493,0.489,0.7,0.9,0.806,0.7,2.2,2.9,0.8,0.4,0.9,0.8,2.1,7.2,1181,14.6,0.513,0.032,0.133,4.9,15.8,10.3,8.6,1.4,4.6,9.7,22.1,0.4,1.4,1.8,0.072,-3.1,0.6,-2.5,-0.1
"Josh Smith","PF",30,"TOT",55,7,16,2.3,6.3,0.364,0.7,2.6,0.287,1.6,3.7,0.417,0.423,0.7,1.2,0.552,0.9,2.6,3.5,1.6,0.6,0.9,1.4,2.1,6,880,10.6,0.439,0.41,0.192,6.4,17.4,11.9,15.9,1.9,4.3,16.9,22.9,-1.2,1.2,0,0,-3.6,1.6,-2,0
"Tony Snell","SF",24,"CHI",64,33,20.3,2,5.3,0.372,0.9,2.4,0.361,1.1,2.9,0.38,0.454,0.5,0.5,0.909,0.3,2.8,3.1,1,0.3,0.3,0.8,1.6,5.3,1301,6.4,0.478,0.457,0.097,1.6,14.3,8.1,6.9,0.6,1,12.8,13.7,-0.5,1,0.4,0.016,-3.4,-0.7,-4.1,-0.7
"Marreese Speights","C",28,"GSW",72,0,11.6,2.7,6.3,0.432,0.3,0.9,0.387,2.4,5.5,0.439,0.458,1.3,1.6,0.825,1.1,2.3,3.3,0.8,0.3,0.5,0.9,1.6,7.1,832,17.1,0.506,0.136,0.25,10.6,19.8,15.5,11.4,1.1,3,11.5,29.7,0.5,1.2,1.8,0.102,-2.9,-1.1,-3.9,-0.4
"Tiago Splitter","C",31,"ATL",36,2,16.1,2.3,4.3,0.523,0,0.1,0,2.3,4.3,0.529,0.523,1.1,1.3,0.813,1.3,2.1,3.3,0.8,0.6,0.3,0.7,2,5.6,579,13.7,0.571,0.013,0.31,8.7,13.8,11.3,7.9,1.7,1.6,12,15.5,0.9,0.9,1.7,0.144,-1.9,1.1,-0.8,0.2
"Nik Stauskas","SG",22,"PHI",73,35,24.8,2.9,7.5,0.385,1.5,4.5,0.326,1.4,3,0.473,0.483,1.2,1.6,0.771,0.3,2.2,2.5,1.9,0.6,0.3,1.3,1.6,8.5,1809,9.2,0.517,0.596,0.217,1.3,10,5.5,12,1.2,0.8,13.6,16.7,0,0.5,0.5,0.012,-1.7,-1.9,-3.6,-0.7
"Lance Stephenson","SF",25,"TOT",69,13,19.9,3.3,6.9,0.481,0.4,1.1,0.385,2.9,5.7,0.5,0.513,1.3,1.6,0.784,0.6,2.7,3.2,1.9,0.6,0.1,1.4,2,8.3,1372,13.5,0.548,0.165,0.234,3.2,15.1,9.1,16.2,1.6,0.6,15.2,20.2,0.9,1.3,2.2,0.076,-1.1,-0.3,-1.4,0.2
"Amar'e Stoudemire","C",33,"MIA",52,36,14.7,2.4,4.3,0.566,0,0,0.001,2.4,4.3,0.566,0.566,1,1.3,0.746,1.3,3,4.3,0.5,0.3,0.8,0.9,1.8,5.8,762,17.3,0.599,0,0.303,10,22.6,16.5,5.6,1.2,4.1,15.8,17.8,1.1,1.3,2.4,0.15,-1.7,1.4,-0.4,0.3
"Rodney Stuckey","PG",29,"IND",58,1,22,3.2,7.6,0.413,0.3,1.4,0.241,2.8,6.2,0.453,0.436,2.3,2.7,0.829,0.3,2.4,2.7,2.4,0.7,0.1,1.3,1.3,8.9,1275,12.6,0.504,0.187,0.357,1.6,11.7,6.7,17.2,1.7,0.5,12.9,20.3,0.5,1.5,2,0.077,-2.1,-0.3,-2.5,-0.2
"Jared Sullinger","PF",23,"BOS",81,73,23.6,4.3,10,0.435,0.4,1.3,0.282,4,8.7,0.458,0.453,1.3,2,0.64,2.4,5.9,8.3,2.3,0.9,0.6,1.3,2.6,10.3,1915,16.7,0.476,0.128,0.2,10.6,27,18.7,15.5,1.9,1.9,10.4,21.8,1.3,3.6,4.8,0.121,-1.2,2.3,1.1,1.5
"Jeff Teague","PG",27,"ATL",79,78,28.5,5.5,12.5,0.439,1.4,3.5,0.4,4.1,9,0.454,0.495,3.3,3.9,0.837,0.4,2.3,2.7,5.9,1.2,0.3,2.8,2.1,15.7,2255,17.9,0.551,0.278,0.316,1.6,8.6,5.2,34.4,2.1,0.8,16.2,26.6,2.8,3,5.9,0.125,1.2,-0.9,0.3,1.3
"Mirza Teletovic","PF",30,"PHO",79,1,21.3,4.2,9.8,0.427,2.3,5.8,0.393,1.9,4,0.476,0.544,1.5,2,0.774,0.7,3.1,3.8,1.1,0.4,0.3,1.1,2,12.2,1686,16.2,0.571,0.592,0.199,3.5,16.3,9.7,9.1,0.9,1,9,23.4,2.9,0.9,3.8,0.109,2.3,-2.7,-0.5,0.7
"Garrett Temple","SF",29,"WAS",80,43,24.4,2.5,6.3,0.398,1.1,3.2,0.345,1.4,3.1,0.453,0.486,1.1,1.6,0.728,0.5,2.2,2.7,1.8,0.9,0.2,0.8,2.4,7.3,1951,9.3,0.52,0.511,0.248,2,10.3,6.1,10,1.7,0.7,10.3,14,1,1.7,2.7,0.066,-1,0.1,-1,0.5
"Jason Terry","SG",38,"HOU",72,7,17.5,2.1,5.2,0.402,1.3,3.6,0.356,0.8,1.6,0.504,0.525,0.4,0.5,0.818,0.2,0.9,1.1,1.4,0.7,0.1,0.7,1.3,5.9,1258,10.2,0.54,0.694,0.088,1.2,5.7,3.5,12.4,1.8,0.6,11.1,15,1.1,0.4,1.5,0.057,-0.2,-2.6,-2.8,-0.3
"Isaiah Thomas","PG",26,"BOS",82,79,32.2,7.2,16.9,0.428,2,5.7,0.359,5.2,11.2,0.462,0.488,5.8,6.6,0.871,0.6,2.4,3,6.2,1.1,0.1,2.7,2,22.2,2644,21.5,0.562,0.336,0.394,1.8,8,4.9,32.7,1.7,0.3,11.9,29.6,7.2,2.5,9.7,0.177,5,-2,3,3.3
"Lance Thomas","PF",27,"NYK",59,5,22.3,2.9,6.5,0.442,0.7,1.8,0.404,2.1,4.6,0.458,0.5,1.7,2,0.857,0.6,1.6,2.2,0.9,0.4,0.1,1,1.8,8.2,1313,10.4,0.557,0.285,0.312,2.9,8,5.4,6.4,0.9,0.4,11.6,16.9,1.2,0.5,1.7,0.062,-1.2,-2.1,-3.2,-0.4
"Hollis Thompson","SG",24,"PHI",77,17,28,3.5,8.8,0.397,1.9,5.1,0.38,1.6,3.7,0.42,0.507,0.9,1.2,0.719,0.7,2.8,3.5,1.3,0.5,0.3,1,2.4,9.8,2154,9.2,0.525,0.576,0.141,2.6,11.4,6.9,7.4,0.8,0.8,9.5,16.2,0.7,0.5,1.2,0.026,-1.1,-2,-3.1,-0.6
"Jason Thompson","C",29,"TOT",47,7,10,1.1,2.3,0.481,0.1,0.3,0.333,1,2,0.505,0.505,0.8,1.1,0.704,0.7,2.2,2.9,0.6,0.3,0.4,0.3,1.7,3.1,471,14.2,0.558,0.139,0.5,7.9,23.4,15.9,8.5,1.3,3.3,10.2,13.9,0.9,0.7,1.6,0.165,-1.3,1.6,0.3,0.3
"Klay Thompson","SG",25,"GSW",80,80,33.3,8.1,17.3,0.47,3.5,8.1,0.425,4.7,9.2,0.51,0.569,2.4,2.8,0.873,0.4,3.4,3.8,2.1,0.8,0.6,1.7,1.9,22.1,2666,18.6,0.597,0.469,0.159,1.5,10.3,6.2,9.8,1.1,1.4,8.5,26.3,5.4,2.6,8,0.144,2.9,-2.2,0.7,1.8
"Tristan Thompson","PF",24,"CLE",82,34,27.7,3,5.1,0.588,0,0,0.001,3,5.1,0.588,0.588,1.8,3,0.616,3.3,5.7,9,0.8,0.5,0.6,0.7,2.5,7.8,2269,15.9,0.611,0,0.576,13.5,23.3,18.4,4,0.9,1.8,10.4,11.7,5.6,3.1,8.7,0.185,0.2,1.3,1.5,2
"Marcus Thornton","SG",28,"TOT",61,8,18.2,3.5,8.9,0.399,1.5,4.4,0.337,2,4.5,0.46,0.482,1.1,1.3,0.848,0.6,1.8,2.5,1.4,0.8,0.1,0.8,1.5,9.7,1109,14.7,0.511,0.498,0.146,3.8,11.3,7.5,12.9,2.1,0.3,8.1,24.4,1,0.7,1.7,0.074,0.7,-2.9,-2.1,0
"Anthony Tolliver","PF",30,"DET",72,5,18.6,1.8,4.6,0.386,1.4,3.8,0.36,0.4,0.8,0.5,0.533,0.4,0.7,0.617,0.5,2.6,3.2,0.7,0.4,0.2,0.4,1.2,5.3,1341,10.2,0.543,0.819,0.142,3.1,16.1,9.3,5.6,1,0.9,7.4,12.4,1.5,1.3,2.8,0.1,0,0,0,0.7
"Axel Toupane","SF",23,"DEN",21,0,14.5,1.2,3.3,0.357,0.6,1.9,0.325,0.6,1.4,0.4,0.45,0.6,0.8,0.765,0.4,1.1,1.5,0.7,0.3,0.3,0.3,1.9,3.6,305,7.1,0.49,0.571,0.243,2.9,8.5,5.6,7,1.2,1.6,7.2,12,0.2,0.1,0.3,0.049,-1.7,-1.1,-2.8,-0.1
"Karl-Anthony Towns","C",20,"MIN",82,82,32,7.6,14.1,0.542,0.4,1.1,0.341,7.3,13,0.559,0.555,2.7,3.4,0.811,2.8,7.7,10.5,2,0.7,1.7,2.2,3,18.3,2627,22.5,0.59,0.076,0.239,10.2,27.5,19,11.3,1.1,4.3,12.6,24.9,5.4,2.8,8.3,0.151,1.6,1.2,2.8,3.1
"PJ Tucker","SF",30,"PHO",82,80,31,2.9,7.1,0.411,0.8,2.5,0.33,2.1,4.6,0.455,0.469,1.3,1.7,0.746,2,4.2,6.2,2.2,1.3,0.2,1.4,2.5,8,2540,10.8,0.506,0.354,0.244,6.9,15.2,10.9,10.2,2,0.6,14.7,12.7,1.5,1.9,3.5,0.066,-0.7,1.3,0.6,1.7
"Evan Turner","SG",27,"BOS",81,12,28,4.2,9.3,0.456,0.2,1,0.241,4,8.3,0.482,0.469,1.8,2.2,0.827,0.6,4.3,4.9,4.4,1,0.3,2.1,1.7,10.5,2271,13.6,0.513,0.11,0.238,2.3,16.5,9.3,23.9,1.7,1,16.9,18.8,1,3,4,0.085,-1.9,1.3,-0.7,0.8
"Myles Turner","C",19,"IND",60,30,22.8,4.4,8.8,0.498,0.1,0.2,0.214,4.4,8.6,0.506,0.501,1.5,2,0.727,1.1,4.4,5.5,0.7,0.4,1.4,1.1,2.6,10.3,1367,15.4,0.531,0.026,0.228,5.5,21,13.3,5,0.9,5.1,10.3,20.9,0.8,2.3,3.1,0.109,-3.7,1.4,-2.3,-0.1
"Beno Udrih","PG",33,"TOT",44,5,16.1,2,4.5,0.434,0.3,1,0.341,1.6,3.5,0.461,0.472,0.4,0.5,0.9,0.2,1.5,1.6,2.6,0.3,0,1.2,1.2,4.7,707,9.5,0.496,0.222,0.101,1.3,10,5.8,24.9,1,0.1,20.4,16.7,-0.1,0.5,0.4,0.029,-2.8,-2,-4.8,-0.5
"Jonas Valanciunas","C",23,"TOR",60,59,26,5.1,8.9,0.565,0,0,0.001,5.1,8.9,0.565,0.565,2.7,3.6,0.761,3.1,6.1,9.1,0.7,0.4,1.3,1.4,2.6,12.8,1557,22.6,0.61,0,0.397,13.8,26.3,20.1,4.8,0.8,4.2,11.9,20.9,4.5,2.4,6.9,0.211,0.7,0.4,1.1,1.2
"Greivis Vasquez","PG",29,"MIL",23,0,20,2,6,0.326,0.8,3.2,0.247,1.2,2.8,0.415,0.391,1,1.1,0.846,0.2,1.8,2,4,0.4,0,1.7,1.8,5.7,460,7.4,0.435,0.529,0.188,1.3,10.3,5.8,28.5,1.1,0,21.1,18.5,-0.4,0.1,-0.3,-0.033,-3,-3.9,-6.9,-0.6
"Rashad Vaughn","SG",19,"MIL",70,6,14.3,1.2,3.8,0.305,0.6,2.1,0.293,0.5,1.7,0.319,0.385,0.2,0.2,0.8,0.2,1.1,1.3,0.6,0.4,0.2,0.4,1,3.1,1001,4.2,0.398,0.553,0.056,1.3,8.7,5,5.5,1.5,1.4,9.3,13.5,-1.2,0.4,-0.8,-0.036,-4.3,-1.9,-6.1,-1
"Charlie Villanueva","PF",31,"DAL",62,4,10.7,2,5.3,0.382,0.8,2.8,0.273,1.3,2.5,0.503,0.454,0.4,0.4,0.917,0.4,2.1,2.5,0.4,0.3,0.2,0.5,1.1,5.1,665,11.9,0.473,0.526,0.073,4,21.1,12.5,6.2,1.4,1.9,8.4,25.3,-0.6,0.8,0.2,0.016,-2.8,-1.8,-4.6,-0.4
"Noah Vonleh","PF",20,"POR",78,56,15.1,1.5,3.6,0.421,0.1,0.6,0.239,1.4,3,0.457,0.441,0.5,0.7,0.745,1.2,2.7,3.9,0.4,0.3,0.3,0.6,1.9,3.6,1174,8.6,0.471,0.165,0.183,8.4,19.8,14.1,3.7,1.2,1.7,14.3,13,0,1.1,1.2,0.047,-4,0,-4,-0.6
"Nikola Vucevic","C",25,"ORL",65,60,31.3,8.2,16.1,0.51,0,0.1,0.222,8.2,16,0.512,0.511,1.7,2.3,0.753,2.7,6.2,8.9,2.8,0.8,1.1,1.9,2.7,18.2,2037,21.1,0.531,0.009,0.143,9.3,22.2,15.7,15.9,1.3,2.8,10,26.8,2.8,2.4,5.2,0.122,0.7,1.1,1.8,2
"Sasha Vujacic","SG",31,"NYK",61,25,14.9,1.7,4.5,0.383,0.9,2.3,0.364,0.9,2.2,0.403,0.477,0.5,0.6,0.821,0.4,2,2.4,1.4,0.6,0.1,0.7,1.4,4.9,908,11.1,0.503,0.516,0.141,3.2,14.6,9,14.3,1.9,0.4,13,16.8,0.3,0.8,1.1,0.06,-0.8,-0.7,-1.5,0.1
"Dwyane Wade","SG",34,"MIA",74,73,30.5,7.3,16,0.456,0.1,0.6,0.159,7.2,15.4,0.468,0.459,4.4,5.5,0.793,1.1,3,4.1,4.6,1.1,0.6,2.7,1.6,19,2258,20.3,0.517,0.037,0.343,4.3,10.7,7.6,27.4,1.8,1.4,13,31.6,2.4,2.6,4.9,0.105,0.9,-0.1,0.8,1.6
"Dion Waiters","SG",24,"OKC",78,15,27.6,3.6,9.1,0.399,1.1,3.1,0.358,2.5,6,0.421,0.46,1.4,2,0.713,0.5,2.1,2.6,2,1,0.2,1.5,1.8,9.8,2152,9.4,0.492,0.34,0.222,1.9,8,5.1,10,1.9,0.5,13.4,17.7,0.3,1.8,2.1,0.046,-1.5,-0.6,-2.1,-0.1
"Kemba Walker","PG",25,"CHO",81,81,35.6,7,16.4,0.427,2.2,6,0.371,4.8,10.4,0.459,0.495,4.6,5.4,0.847,0.7,3.7,4.4,5.2,1.6,0.5,2.1,1.4,20.9,2885,20.8,0.554,0.368,0.329,2.1,11.5,6.8,25.7,2.2,1.1,10.1,26.5,6.3,3.6,9.9,0.165,4,0,4,4.4
"John Wall","PG",25,"WAS",77,77,36.2,7.4,17.5,0.424,1.5,4.3,0.351,5.9,13.3,0.448,0.467,3.5,4.5,0.791,0.5,4.4,4.9,10.2,1.9,0.8,4.1,2.1,19.9,2784,19.8,0.51,0.243,0.255,1.7,13.8,7.6,46.2,2.5,1.7,17.5,28.6,2.2,3.5,5.7,0.098,2.2,1,3.2,3.7
"TJ Warren","SF",22,"PHO",47,4,22.8,4.7,9.4,0.501,0.6,1.5,0.4,4.1,7.9,0.52,0.533,1,1.4,0.703,1.2,1.9,3.1,0.9,0.8,0.3,0.7,2,11,1070,15.7,0.549,0.159,0.145,5.7,9.3,7.5,7.2,1.7,1.2,6.4,19.9,1.7,0.6,2.2,0.101,0.2,-1.3,-1.2,0.2
"CJ Watson","PG",31,"ORL",33,2,19.9,1.4,4.2,0.343,0.4,1.5,0.292,1,2.7,0.371,0.394,1,1.2,0.872,0.3,1.7,2,2.7,0.6,0.2,0.8,1.5,4.3,656,8.6,0.461,0.35,0.285,1.7,9.6,5.6,18.1,1.4,0.6,14,12.1,0.2,0.4,0.6,0.047,-2.5,-0.8,-3.3,-0.2
"Sonny Weems","SG-SF",29,"TOT",43,0,11.6,1,2.6,0.382,0.3,1,0.366,0.6,1.6,0.391,0.45,0.2,0.3,0.533,0.2,1.1,1.2,1.1,0.2,0,1,1.1,2.5,499,3.7,0.459,0.373,0.136,1.5,10.3,5.8,14.2,1,0.2,26,13.5,-0.7,0.1,-0.5,-0.053,-5.7,-1.8,-7.6,-0.7
"David West","PF",35,"SAS",78,19,18,3.1,5.7,0.545,0,0.1,0.429,3.1,5.7,0.546,0.548,0.8,1,0.788,0.9,3,4,1.8,0.6,0.7,0.9,1.8,7.1,1404,17.6,0.573,0.016,0.179,6,18.6,12.5,15.4,1.6,3,12.3,18,2.4,2.9,5.4,0.184,0.1,3.3,3.4,1.9
"Russell Westbrook","PG",27,"OKC",80,80,34.4,8.2,18.1,0.454,1.3,4.3,0.296,6.9,13.8,0.503,0.489,5.8,7.2,0.812,1.8,6,7.8,10.4,2,0.3,4.3,2.5,23.5,2750,27.6,0.554,0.236,0.397,6.1,18.1,12.4,49.6,2.9,0.6,16.8,31.6,10,4,14,0.245,7.6,2.4,10,8.3
"Hassan Whiteside","C",26,"MIA",73,43,29.1,5.7,9.3,0.606,0,0,0.001,5.7,9.3,0.606,0.606,2.9,4.5,0.65,3.3,8.6,11.8,0.4,0.6,3.7,1.9,2.8,14.2,2125,25.7,0.629,0,0.482,13.1,32.4,23.1,2.4,1.1,9.7,14.2,20.7,5,5.3,10.3,0.233,-0.9,3.4,2.5,2.4
"Andrew Wiggins","SF",20,"MIN",81,81,35.1,7.3,16,0.459,0.7,2.3,0.3,6.6,13.6,0.486,0.481,5.3,7,0.761,1.3,2.3,3.6,2,1,0.6,2.2,2,20.7,2845,16.5,0.543,0.147,0.437,4.4,7.5,6,10.1,1.4,1.3,10.6,27.2,3.4,0.7,4.1,0.069,0.4,-2.5,-2.1,-0.1
"Deron Williams","PG",31,"DAL",65,63,32.4,4.9,11.9,0.414,1.5,4.3,0.344,3.4,7.6,0.454,0.477,2.8,3.2,0.869,0.3,2.6,2.9,5.8,0.9,0.2,2.3,2.4,14.1,2106,14.6,0.53,0.364,0.266,1,8.9,5,29.3,1.5,0.6,14.8,22,2.2,1.4,3.7,0.083,0.9,-1,-0.1,1
"Derrick Williams","SF",24,"NYK",80,9,17.9,3.2,7.1,0.45,0.6,1.9,0.293,2.6,5.2,0.506,0.488,2.4,3.2,0.758,0.6,3.1,3.7,0.9,0.4,0.1,0.8,0.9,9.3,1435,17.2,0.55,0.265,0.453,3.6,18.7,11.3,8.9,1,0.5,8.3,23.3,2.4,1.2,3.6,0.12,-0.1,-2.4,-2.6,-0.2
"Lou Williams","SG",29,"LAL",67,35,28.5,4.2,10.3,0.408,1.6,4.8,0.344,2.6,5.6,0.464,0.488,5.3,6.3,0.83,0.5,2.1,2.5,2.5,0.9,0.3,1.6,1.6,15.3,1907,17.7,0.584,0.462,0.612,1.7,8.1,4.8,15.1,1.6,0.8,10.8,22.8,4.5,0.3,4.7,0.119,3,-2.7,0.3,1.1
"Marvin Williams","PF",29,"CHO",81,81,28.9,4.2,9.2,0.452,1.9,4.7,0.402,2.3,4.6,0.504,0.554,1.5,1.8,0.833,1.6,4.9,6.4,1.4,0.7,1,0.8,1.6,11.7,2338,16.8,0.585,0.506,0.193,5.9,18.6,12.2,7.6,1.2,2.7,7.1,16.8,4.7,3.2,7.8,0.161,1.7,1,2.7,2.7
"Mo Williams","PG",33,"CLE",41,14,18.2,3.2,7.4,0.437,0.9,2.5,0.353,2.3,4.9,0.48,0.497,0.9,1,0.905,0.1,1.6,1.8,2.4,0.3,0.1,1.4,1.5,8.2,748,12.4,0.527,0.338,0.139,0.9,9.9,5.4,21.1,1,0.5,15.1,22.8,0.4,0.7,1.1,0.067,-1.3,-2.1,-3.3,-0.2
"Justise Winslow","SF",19,"MIA",78,8,28.6,2.5,5.9,0.422,0.4,1.5,0.276,2.1,4.4,0.471,0.457,1,1.5,0.684,1,4.1,5.2,1.5,0.9,0.3,1.2,2.4,6.4,2232,8.4,0.489,0.251,0.253,4.2,15.8,10.2,7.4,1.6,0.9,15.6,12.5,-0.2,2.7,2.5,0.054,-2.2,1.6,-0.6,0.8
"Jeff Withey","C",25,"UTA",51,10,12.9,1.7,3.2,0.537,0,0,0,1.7,3.1,0.544,0.537,0.8,1.2,0.729,1.1,2.3,3.4,0.4,0.4,1,0.5,1.5,4.3,658,17.7,0.577,0.012,0.364,10,20.7,15.4,5,1.7,6.8,13,15.1,1.1,1.3,2.3,0.171,-2,3.7,1.7,0.6
"Metta World Peace","SF",36,"LAL",35,5,16.9,1.6,5.1,0.311,0.7,2.4,0.31,0.8,2.7,0.312,0.384,1.1,1.6,0.702,0.5,2,2.5,0.8,0.6,0.3,0.4,1.9,5,590,8.3,0.435,0.475,0.322,3.4,13.2,8.1,7.2,1.9,1.5,6.9,16.2,-0.2,0.3,0.1,0.008,-2.8,-1,-3.8,-0.3
"Nick Young","SG",30,"LAL",54,2,19.1,2.3,6.9,0.339,1.4,4.4,0.325,0.9,2.5,0.363,0.442,1.2,1.4,0.829,0.3,1.5,1.8,0.6,0.4,0.1,0.6,0.9,7.3,1033,9.1,0.483,0.637,0.204,1.4,9,5.1,5.4,1.1,0.5,6.9,18.5,0.1,0,0.1,0.003,-1.4,-3.5,-4.8,-0.7
"Thaddeus Young","PF",27,"BRK",73,73,33,6.8,13.2,0.514,0.1,0.4,0.233,6.7,12.8,0.523,0.518,1.4,2.2,0.644,2.4,6.6,9,1.8,1.5,0.5,1.9,2.5,15.1,2407,17.5,0.533,0.031,0.169,8.1,23,15.4,9.5,2.3,1.2,11.6,21.6,1.9,2.2,4.1,0.081,-0.5,0.6,0.1,1.3
"Cody Zeller","C",23,"CHO",73,60,24.3,3.2,6,0.529,0,0.1,0.1,3.2,5.8,0.539,0.53,2.4,3.2,0.754,1.9,4.3,6.2,1,0.8,0.9,0.9,2.8,8.7,1774,16.1,0.592,0.023,0.531,8.4,19.7,14,6.3,1.6,2.9,11.2,15.4,3.6,2.7,6.3,0.169,-1,2,1,1.3
"Tyler Zeller","C",26,"BOS",60,3,11.8,2.3,4.8,0.476,0,0,0.001,2.3,4.8,0.476,0.476,1.5,1.8,0.815,1,1.9,3,0.5,0.2,0.4,0.8,1.6,6.1,710,15.4,0.539,0,0.372,9.1,17.6,13.3,6.6,0.7,2.4,12,23,0.8,0.9,1.7,0.114,-3.2,-1.1,-4.4,-0.4
